ID,INITIAL,GOAL,BEBAN MUATAN (TON),REWARD,JENIS
1,Bondowoso,Pacitan,15,1655000,GAS
2,Bondowoso,Pacitan,25,2005000,PADAT
3,Bondowoso,Pacitan,30,2180000,CAIR
4,Bondowoso,Ponorogo,15,1465000,GAS
5,Bondowoso,Ponorogo,25,1815000,PADAT
6,Bondowoso,Ponorogo,30,1990000,CAIR
7,Bondowoso,Trenggalek,15,1425000,GAS
8,Bondowoso,Trenggalek,25,1775000,PADAT
9,Bondowoso,Trenggalek,30,1950000,CAIR
10,Bondowoso,Tulungagung,15,1352500,GAS
11,Bondowoso,Tulungagung,25,1702500,PADAT
12,Bondowoso,Tulungagung,30,1877500,CAIR
13,Bondowoso,Kediri,15,1277500,GAS
14,Bondowoso,Kediri,25,1627500,PADAT
15,Bondowoso,Kediri,30,1802500,CAIR
16,Bondowoso,Lumajang,15,772500,GAS
17,Bondowoso,Lumajang,25,1122500,PADAT
18,Bondowoso,Lumajang,30,1297500,CAIR
19,Bondowoso,Jember,15,610000,GAS
20,Bondowoso,Jember,25,960000,PADAT
21,Bondowoso,Jember,30,1135000,CAIR
22,Bondowoso,Banyuwangi,15,770000,GAS
23,Bondowoso,Banyuwangi,25,1120000,PADAT
24,Bondowoso,Banyuwangi,30,1295000,CAIR
25,Bondowoso,Situbondo,15,612500,GAS
26,Bondowoso,Situbondo,25,962500,PADAT
27,Bondowoso,Situbondo,30,1137500,CAIR
28,Bondowoso,Probolinggo,15,760000,GAS
29,Bondowoso,Probolinggo,25,1110000,PADAT
30,Bondowoso,Probolinggo,30,1285000,CAIR
31,Bondowoso,Pasuruan,15,852500,GAS
32,Bondowoso,Pasuruan,25,1202500,PADAT
33,Bondowoso,Pasuruan,30,1377500,CAIR
34,Bondowoso,Sidoarjo,15,990000,GAS
35,Bondowoso,Sidoarjo,25,1340000,PADAT
36,Bondowoso,Sidoarjo,30,1515000,CAIR
37,Bondowoso,Mojokerto,15,1110000,GAS
38,Bondowoso,Mojokerto,25,1460000,PADAT
39,Bondowoso,Mojokerto,30,1635000,CAIR
40,Bondowoso,Jombang,15,1180000,GAS
41,Bondowoso,Jombang,25,1530000,PADAT
42,Bondowoso,Jombang,30,1705000,CAIR
43,Bondowoso,Nganjuk,15,1267500,GAS
44,Bondowoso,Nganjuk,25,1617500,PADAT
45,Bondowoso,Nganjuk,30,1792500,CAIR
46,Bondowoso,Madiun,15,1390000,GAS
47,Bondowoso,Madiun,25,1740000,PADAT
48,Bondowoso,Madiun,30,1915000,CAIR
49,Bondowoso,Magetan,15,1452500,GAS
50,Bondowoso,Magetan,25,1802500,PADAT
51,Bondowoso,Magetan,30,1977500,CAIR
52,Bondowoso,Ngawi,15,1440000,GAS
53,Bondowoso,Ngawi,25,1790000,PADAT
54,Bondowoso,Ngawi,30,1965000,CAIR
55,Bondowoso,Bojonegoro,15,1305000,GAS
56,Bondowoso,Bojonegoro,25,1655000,PADAT
57,Bondowoso,Bojonegoro,30,1830000,CAIR
58,Bondowoso,Tuban,15,1277500,GAS
59,Bondowoso,Tuban,25,1627500,PADAT
60,Bondowoso,Tuban,30,1802500,CAIR
61,Bondowoso,Lamongan,15,1142500,GAS
62,Bondowoso,Lamongan,25,1492500,PADAT
63,Bondowoso,Lamongan,30,1667500,CAIR
64,Bondowoso,Gresik,15,1082500,GAS
65,Bondowoso,Gresik,25,1432500,PADAT
66,Bondowoso,Gresik,30,1607500,CAIR
67,Bondowoso,Bangkalan,15,1135000,GAS
68,Bondowoso,Bangkalan,25,1485000,PADAT
69,Bondowoso,Bangkalan,30,1660000,CAIR
70,Bondowoso,Sampang,15,1260000,GAS
71,Bondowoso,Sampang,25,1610000,PADAT
72,Bondowoso,Sampang,30,1785000,CAIR
73,Bondowoso,Pamekasan,15,1337500,GAS
74,Bondowoso,Pamekasan,25,1687500,PADAT
75,Bondowoso,Pamekasan,30,1862500,CAIR
76,Bondowoso,Sumenep,15,1470000,GAS
77,Bondowoso,Sumenep,25,1820000,PADAT
78,Bondowoso,Sumenep,30,1995000,CAIR
79,Bondowoso,Surabaya,15,1042500,GAS
80,Bondowoso,Surabaya,25,1392500,PADAT
81,Bondowoso,Surabaya,30,1567500,CAIR
82,Bondowoso,Blitar,15,1270000,GAS
83,Bondowoso,Blitar,25,1620000,PADAT
84,Bondowoso,Blitar,30,1795000,CAIR
85,Bondowoso,Malang,15,1065000,GAS
86,Bondowoso,Malang,25,1415000,PADAT
87,Bondowoso,Malang,30,1590000,CAIR
88,Situbondo,Pacitan,15,1665000,GAS
89,Situbondo,Pacitan,25,2015000,PADAT
90,Situbondo,Pacitan,30,2190000,CAIR
91,Situbondo,Ponorogo,15,1472500,GAS
92,Situbondo,Ponorogo,25,1822500,PADAT
93,Situbondo,Ponorogo,30,1997500,CAIR
94,Situbondo,Trenggalek,15,1435000,GAS
95,Situbondo,Trenggalek,25,1785000,PADAT
96,Situbondo,Trenggalek,30,1960000,CAIR
97,Situbondo,Tulungagung,15,1362500,GAS
98,Situbondo,Tulungagung,25,1712500,PADAT
99,Situbondo,Tulungagung,30,1887500,CAIR
100,Situbondo,Kediri,15,1287500,GAS
101,Situbondo,Kediri,25,1637500,PADAT
102,Situbondo,Kediri,30,1812500,CAIR
103,Situbondo,Lumajang,15,850000,GAS
104,Situbondo,Lumajang,25,1200000,PADAT
105,Situbondo,Lumajang,30,1375000,CAIR
106,Situbondo,Jember,15,700000,GAS
107,Situbondo,Jember,25,1050000,PADAT
108,Situbondo,Jember,30,1225000,CAIR
109,Situbondo,Banyuwangi,15,762500,GAS
110,Situbondo,Banyuwangi,25,1112500,PADAT
111,Situbondo,Banyuwangi,30,1287500,CAIR
112,Situbondo,Bondowoso,15,622500,GAS
113,Situbondo,Bondowoso,25,972500,PADAT
114,Situbondo,Bondowoso,30,1147500,CAIR
115,Situbondo,Probolinggo,15,770000,GAS
116,Situbondo,Probolinggo,25,1120000,PADAT
117,Situbondo,Probolinggo,30,1295000,CAIR
118,Situbondo,Pasuruan,15,860000,GAS
119,Situbondo,Pasuruan,25,1210000,PADAT
120,Situbondo,Pasuruan,30,1385000,CAIR
121,Situbondo,Sidoarjo,15,1000000,GAS
122,Situbondo,Sidoarjo,25,1350000,PADAT
123,Situbondo,Sidoarjo,30,1525000,CAIR
124,Situbondo,Mojokerto,15,1120000,GAS
125,Situbondo,Mojokerto,25,1470000,PADAT
126,Situbondo,Mojokerto,30,1645000,CAIR
127,Situbondo,Jombang,15,1190000,GAS
128,Situbondo,Jombang,25,1540000,PADAT
129,Situbondo,Jombang,30,1715000,CAIR
130,Situbondo,Nganjuk,15,1275000,GAS
131,Situbondo,Nganjuk,25,1625000,PADAT
132,Situbondo,Nganjuk,30,1800000,CAIR
133,Situbondo,Madiun,15,1400000,GAS
134,Situbondo,Madiun,25,1750000,PADAT
135,Situbondo,Madiun,30,1925000,CAIR
136,Situbondo,Magetan,15,1460000,GAS
137,Situbondo,Magetan,25,1810000,PADAT
138,Situbondo,Magetan,30,1985000,CAIR
139,Situbondo,Ngawi,15,1450000,GAS
140,Situbondo,Ngawi,25,1800000,PADAT
141,Situbondo,Ngawi,30,1975000,CAIR
142,Situbondo,Bojonegoro,15,1425000,GAS
143,Situbondo,Bojonegoro,25,1775000,PADAT
144,Situbondo,Bojonegoro,30,1950000,CAIR
145,Situbondo,Tuban,15,1287500,GAS
146,Situbondo,Tuban,25,1637500,PADAT
147,Situbondo,Tuban,30,1812500,CAIR
148,Situbondo,Lamongan,15,1152500,GAS
149,Situbondo,Lamongan,25,1502500,PADAT
150,Situbondo,Lamongan,30,1677500,CAIR
151,Situbondo,Gresik,15,1090000,GAS
152,Situbondo,Gresik,25,1440000,PADAT
153,Situbondo,Gresik,30,1615000,CAIR
154,Situbondo,Bangkalan,15,1142500,GAS
155,Situbondo,Bangkalan,25,1492500,PADAT
156,Situbondo,Bangkalan,30,1667500,CAIR
157,Situbondo,Sampang,15,1267500,GAS
158,Situbondo,Sampang,25,1617500,PADAT
159,Situbondo,Sampang,30,1792500,CAIR
160,Situbondo,Pamekasan,15,1345000,GAS
161,Situbondo,Pamekasan,25,1695000,PADAT
162,Situbondo,Pamekasan,30,1870000,CAIR
163,Situbondo,Sumenep,15,1477500,GAS
164,Situbondo,Sumenep,25,1827500,PADAT
165,Situbondo,Sumenep,30,2002500,CAIR
166,Situbondo,Surabaya,15,1052500,GAS
167,Situbondo,Surabaya,25,1402500,PADAT
168,Situbondo,Surabaya,30,1577500,CAIR
169,Situbondo,Blitar,15,1262500,GAS
170,Situbondo,Blitar,25,1612500,PADAT
171,Situbondo,Blitar,30,1787500,CAIR
172,Situbondo,Malang,15,1072500,GAS
173,Situbondo,Malang,25,1422500,PADAT
174,Situbondo,Malang,30,1597500,CAIR
175,Probolinggo,Pacitan,15,1572500,GAS
176,Probolinggo,Pacitan,25,1922500,PADAT
177,Probolinggo,Pacitan,30,2097500,CAIR
178,Probolinggo,Ponorogo,15,1220000,GAS
179,Probolinggo,Ponorogo,25,1570000,PADAT
180,Probolinggo,Ponorogo,30,1745000,CAIR
181,Probolinggo,Trenggalek,15,1180000,GAS
182,Probolinggo,Trenggalek,25,1530000,PADAT
183,Probolinggo,Trenggalek,30,1705000,CAIR
184,Probolinggo,Tulungagung,15,1107500,GAS
185,Probolinggo,Tulungagung,25,1457500,PADAT
186,Probolinggo,Tulungagung,30,1632500,CAIR
187,Probolinggo,Kediri,15,1032500,GAS
188,Probolinggo,Kediri,25,1382500,PADAT
189,Probolinggo,Kediri,30,1557500,CAIR
190,Probolinggo,Lumajang,15,645000,GAS
191,Probolinggo,Lumajang,25,995000,PADAT
192,Probolinggo,Lumajang,30,1170000,CAIR
193,Probolinggo,Jember,15,770000,GAS
194,Probolinggo,Jember,25,1120000,PADAT
195,Probolinggo,Jember,30,1295000,CAIR
196,Probolinggo,Banyuwangi,15,1002500,GAS
197,Probolinggo,Banyuwangi,25,1352500,PADAT
198,Probolinggo,Banyuwangi,30,1527500,CAIR
199,Probolinggo,Bondowoso,15,760000,GAS
200,Probolinggo,Bondowoso,25,1110000,PADAT
201,Probolinggo,Bondowoso,30,1285000,CAIR
202,Probolinggo,Situbondo,15,770000,GAS
203,Probolinggo,Situbondo,25,1120000,PADAT
204,Probolinggo,Situbondo,30,1295000,CAIR
205,Probolinggo,Pasuruan,15,652500,GAS
206,Probolinggo,Pasuruan,25,1002500,PADAT
207,Probolinggo,Pasuruan,30,1177500,CAIR
208,Probolinggo,Sidoarjo,15,747500,GAS
209,Probolinggo,Sidoarjo,25,1097500,PADAT
210,Probolinggo,Sidoarjo,30,1272500,CAIR
211,Probolinggo,Mojokerto,15,865000,GAS
212,Probolinggo,Mojokerto,25,1215000,PADAT
213,Probolinggo,Mojokerto,30,1390000,CAIR
214,Probolinggo,Jombang,15,935000,GAS
215,Probolinggo,Jombang,25,1285000,PADAT
216,Probolinggo,Jombang,30,1460000,CAIR
217,Probolinggo,Nganjuk,15,1022500,GAS
218,Probolinggo,Nganjuk,25,1372500,PADAT
219,Probolinggo,Nganjuk,30,1547500,CAIR
220,Probolinggo,Madiun,15,1147500,GAS
221,Probolinggo,Madiun,25,1497500,PADAT
222,Probolinggo,Madiun,30,1672500,CAIR
223,Probolinggo,Magetan,15,1207500,GAS
224,Probolinggo,Magetan,25,1557500,PADAT
225,Probolinggo,Magetan,30,1732500,CAIR
226,Probolinggo,Ngawi,15,1195000,GAS
227,Probolinggo,Ngawi,25,1545000,PADAT
228,Probolinggo,Ngawi,30,1720000,CAIR
229,Probolinggo,Bojonegoro,15,1170000,GAS
230,Probolinggo,Bojonegoro,25,1520000,PADAT
231,Probolinggo,Bojonegoro,30,1695000,CAIR
232,Probolinggo,Tuban,15,1032500,GAS
233,Probolinggo,Tuban,25,1382500,PADAT
234,Probolinggo,Tuban,30,1557500,CAIR
235,Probolinggo,Lamongan,15,900000,GAS
236,Probolinggo,Lamongan,25,1250000,PADAT
237,Probolinggo,Lamongan,30,1425000,CAIR
238,Probolinggo,Gresik,15,837500,GAS
239,Probolinggo,Gresik,25,1187500,PADAT
240,Probolinggo,Gresik,30,1362500,CAIR
241,Probolinggo,Bangkalan,15,890000,GAS
242,Probolinggo,Bangkalan,25,1240000,PADAT
243,Probolinggo,Bangkalan,30,1415000,CAIR
244,Probolinggo,Sampang,15,1015000,GAS
245,Probolinggo,Sampang,25,1365000,PADAT
246,Probolinggo,Sampang,30,1540000,CAIR
247,Probolinggo,Pamekasan,15,1092500,GAS
248,Probolinggo,Pamekasan,25,1442500,PADAT
249,Probolinggo,Pamekasan,30,1617500,CAIR
250,Probolinggo,Sumenep,15,1225000,GAS
251,Probolinggo,Sumenep,25,1575000,PADAT
252,Probolinggo,Sumenep,30,1750000,CAIR
253,Probolinggo,Surabaya,15,797500,GAS
254,Probolinggo,Surabaya,25,1147500,PADAT
255,Probolinggo,Surabaya,30,1322500,CAIR
256,Probolinggo,Blitar,15,1010000,GAS
257,Probolinggo,Blitar,25,1360000,PADAT
258,Probolinggo,Blitar,30,1535000,CAIR
259,Probolinggo,Malang,15,820000,GAS
260,Probolinggo,Malang,25,1170000,PADAT
261,Probolinggo,Malang,30,1345000,CAIR
262,Pasuruan,Pacitan,15,1310000,GAS
263,Pasuruan,Pacitan,25,1660000,PADAT
264,Pasuruan,Pacitan,30,1835000,CAIR
265,Pasuruan,Ponorogo,15,1120000,GAS
266,Pasuruan,Ponorogo,25,1470000,PADAT
267,Pasuruan,Ponorogo,30,1645000,CAIR
268,Pasuruan,Trenggalek,15,1080000,GAS
269,Pasuruan,Trenggalek,25,1430000,PADAT
270,Pasuruan,Trenggalek,30,1605000,CAIR
271,Pasuruan,Tulungagung,15,1007500,GAS
272,Pasuruan,Tulungagung,25,1357500,PADAT
273,Pasuruan,Tulungagung,30,1532500,CAIR
274,Pasuruan,Kediri,15,932500,GAS
275,Pasuruan,Kediri,25,1282500,PADAT
276,Pasuruan,Kediri,30,1457500,CAIR
277,Pasuruan,Lumajang,15,745000,GAS
278,Pasuruan,Lumajang,25,1095000,PADAT
279,Pasuruan,Lumajang,30,1270000,CAIR
280,Pasuruan,Jember,15,867500,GAS
281,Pasuruan,Jember,25,1217500,PADAT
282,Pasuruan,Jember,30,1392500,CAIR
283,Pasuruan,Banyuwangi,15,1140000,GAS
284,Pasuruan,Banyuwangi,25,1490000,PADAT
285,Pasuruan,Banyuwangi,30,1665000,CAIR
286,Pasuruan,Bondowoso,15,895000,GAS
287,Pasuruan,Bondowoso,25,1245000,PADAT
288,Pasuruan,Bondowoso,30,1420000,CAIR
289,Pasuruan,Situbondo,15,905000,GAS
290,Pasuruan,Situbondo,25,1255000,PADAT
291,Pasuruan,Situbondo,30,1430000,CAIR
292,Pasuruan,Probolinggo,15,647500,GAS
293,Pasuruan,Probolinggo,25,997500,PADAT
294,Pasuruan,Probolinggo,30,1172500,CAIR
295,Pasuruan,Sidoarjo,15,647500,GAS
296,Pasuruan,Sidoarjo,25,997500,PADAT
297,Pasuruan,Sidoarjo,30,1172500,CAIR
298,Pasuruan,Mojokerto,15,765000,GAS
299,Pasuruan,Mojokerto,25,1115000,PADAT
300,Pasuruan,Mojokerto,30,1290000,CAIR
301,Pasuruan,Jombang,15,835000,GAS
302,Pasuruan,Jombang,25,1185000,PADAT
303,Pasuruan,Jombang,30,1360000,CAIR
304,Pasuruan,Nganjuk,15,922500,GAS
305,Pasuruan,Nganjuk,25,1272500,PADAT
306,Pasuruan,Nganjuk,30,1447500,CAIR
307,Pasuruan,Madiun,15,1045000,GAS
308,Pasuruan,Madiun,25,1395000,PADAT
309,Pasuruan,Madiun,30,1570000,CAIR
310,Pasuruan,Magetan,15,1105000,GAS
311,Pasuruan,Magetan,25,1455000,PADAT
312,Pasuruan,Magetan,30,1630000,CAIR
313,Pasuruan,Ngawi,15,1095000,GAS
314,Pasuruan,Ngawi,25,1445000,PADAT
315,Pasuruan,Ngawi,30,1620000,CAIR
316,Pasuruan,Bojonegoro,15,1067500,GAS
317,Pasuruan,Bojonegoro,25,1417500,PADAT
318,Pasuruan,Bojonegoro,30,1592500,CAIR
319,Pasuruan,Tuban,15,932500,GAS
320,Pasuruan,Tuban,25,1282500,PADAT
321,Pasuruan,Tuban,30,1457500,CAIR
322,Pasuruan,Lamongan,15,797500,GAS
323,Pasuruan,Lamongan,25,1147500,PADAT
324,Pasuruan,Lamongan,30,1322500,CAIR
325,Pasuruan,Gresik,15,737500,GAS
326,Pasuruan,Gresik,25,1087500,PADAT
327,Pasuruan,Gresik,30,1262500,CAIR
328,Pasuruan,Bangkalan,15,790000,GAS
329,Pasuruan,Bangkalan,25,1140000,PADAT
330,Pasuruan,Bangkalan,30,1315000,CAIR
331,Pasuruan,Sampang,15,915000,GAS
332,Pasuruan,Sampang,25,1265000,PADAT
333,Pasuruan,Sampang,30,1440000,CAIR
334,Pasuruan,Pamekasan,15,990000,GAS
335,Pasuruan,Pamekasan,25,1340000,PADAT
336,Pasuruan,Pamekasan,30,1515000,CAIR
337,Pasuruan,Sumenep,15,1122500,GAS
338,Pasuruan,Sumenep,25,1472500,PADAT
339,Pasuruan,Sumenep,30,1647500,CAIR
340,Pasuruan,Surabaya,15,697500,GAS
341,Pasuruan,Surabaya,25,1047500,PADAT
342,Pasuruan,Surabaya,30,1222500,CAIR
343,Pasuruan,Blitar,15,910000,GAS
344,Pasuruan,Blitar,25,1260000,PADAT
345,Pasuruan,Blitar,30,1435000,CAIR
346,Pasuruan,Malang,15,720000,GAS
347,Pasuruan,Malang,25,1070000,PADAT
348,Pasuruan,Malang,30,1245000,CAIR
349,Sidoarjo,Pacitan,15,1207500,GAS
350,Sidoarjo,Pacitan,25,1557500,PADAT
351,Sidoarjo,Pacitan,30,1732500,CAIR
352,Sidoarjo,Ponorogo,15,1017500,GAS
353,Sidoarjo,Ponorogo,25,1367500,PADAT
354,Sidoarjo,Ponorogo,30,1542500,CAIR
355,Sidoarjo,Trenggalek,15,977500,GAS
356,Sidoarjo,Trenggalek,25,1327500,PADAT
357,Sidoarjo,Trenggalek,30,1502500,CAIR
358,Sidoarjo,Tulungagung,15,905000,GAS
359,Sidoarjo,Tulungagung,25,1255000,PADAT
360,Sidoarjo,Tulungagung,30,1430000,CAIR
361,Sidoarjo,Kediri,15,830000,GAS
362,Sidoarjo,Kediri,25,1180000,PADAT
363,Sidoarjo,Kediri,30,1355000,CAIR
364,Sidoarjo,Lumajang,15,842500,GAS
365,Sidoarjo,Lumajang,25,1192500,PADAT
366,Sidoarjo,Lumajang,30,1367500,CAIR
367,Sidoarjo,Jember,15,967500,GAS
368,Sidoarjo,Jember,25,1317500,PADAT
369,Sidoarjo,Jember,30,1492500,CAIR
370,Sidoarjo,Banyuwangi,15,1237500,GAS
371,Sidoarjo,Banyuwangi,25,1587500,PADAT
372,Sidoarjo,Banyuwangi,30,1762500,CAIR
373,Sidoarjo,Bondowoso,15,992500,GAS
374,Sidoarjo,Bondowoso,25,1342500,PADAT
375,Sidoarjo,Bondowoso,30,1517500,CAIR
376,Sidoarjo,Situbondo,15,1002500,GAS
377,Sidoarjo,Situbondo,25,1352500,PADAT
378,Sidoarjo,Situbondo,30,1527500,CAIR
379,Sidoarjo,Probolinggo,15,730000,GAS
380,Sidoarjo,Probolinggo,25,1080000,PADAT
381,Sidoarjo,Probolinggo,30,1255000,CAIR
382,Sidoarjo,Pasuruan,15,647500,GAS
383,Sidoarjo,Pasuruan,25,997500,PADAT
384,Sidoarjo,Pasuruan,30,1172500,CAIR
385,Sidoarjo,Mojokerto,15,657500,GAS
386,Sidoarjo,Mojokerto,25,1007500,PADAT
387,Sidoarjo,Mojokerto,30,1182500,CAIR
388,Sidoarjo,Jombang,15,732500,GAS
389,Sidoarjo,Jombang,25,1082500,PADAT
390,Sidoarjo,Jombang,30,1257500,CAIR
391,Sidoarjo,Nganjuk,15,820000,GAS
392,Sidoarjo,Nganjuk,25,1170000,PADAT
393,Sidoarjo,Nganjuk,30,1345000,CAIR
394,Sidoarjo,Madiun,15,942500,GAS
395,Sidoarjo,Madiun,25,1292500,PADAT
396,Sidoarjo,Madiun,30,1467500,CAIR
397,Sidoarjo,Magetan,15,1002500,GAS
398,Sidoarjo,Magetan,25,1352500,PADAT
399,Sidoarjo,Magetan,30,1527500,CAIR
400,Sidoarjo,Ngawi,15,992500,GAS
401,Sidoarjo,Ngawi,25,1342500,PADAT
402,Sidoarjo,Ngawi,30,1517500,CAIR
403,Sidoarjo,Bojonegoro,15,857500,GAS
404,Sidoarjo,Bojonegoro,25,1207500,PADAT
405,Sidoarjo,Bojonegoro,30,1382500,CAIR
406,Sidoarjo,Tuban,15,830000,GAS
407,Sidoarjo,Tuban,25,1180000,PADAT
408,Sidoarjo,Tuban,30,1355000,CAIR
409,Sidoarjo,Lamongan,15,697500,GAS
410,Sidoarjo,Lamongan,25,1047500,PADAT
411,Sidoarjo,Lamongan,30,1222500,CAIR
412,Sidoarjo,Gresik,15,630000,GAS
413,Sidoarjo,Gresik,25,980000,PADAT
414,Sidoarjo,Gresik,30,1155000,CAIR
415,Sidoarjo,Bangkalan,15,662500,GAS
416,Sidoarjo,Bangkalan,25,1012500,PADAT
417,Sidoarjo,Bangkalan,30,1187500,CAIR
418,Sidoarjo,Sampang,15,785000,GAS
419,Sidoarjo,Sampang,25,1135000,PADAT
420,Sidoarjo,Sampang,30,1310000,CAIR
421,Sidoarjo,Pamekasan,15,862500,GAS
422,Sidoarjo,Pamekasan,25,1212500,PADAT
423,Sidoarjo,Pamekasan,30,1387500,CAIR
424,Sidoarjo,Sumenep,15,995000,GAS
425,Sidoarjo,Sumenep,25,1345000,PADAT
426,Sidoarjo,Sumenep,30,1520000,CAIR
427,Sidoarjo,Surabaya,15,580000,GAS
428,Sidoarjo,Surabaya,25,930000,PADAT
429,Sidoarjo,Surabaya,30,1105000,CAIR
430,Sidoarjo,Blitar,15,932500,GAS
431,Sidoarjo,Blitar,25,1282500,PADAT
432,Sidoarjo,Blitar,30,1457500,CAIR
433,Sidoarjo,Malang,15,715000,GAS
434,Sidoarjo,Malang,25,1065000,PADAT
435,Sidoarjo,Malang,30,1240000,CAIR
436,Kediri,Pacitan,30,1500000,GAS
437,Kediri,Pacitan,16,1010000,PADAT
438,Kediri,Pacitan,25,1325000,CAIR
439,Kediri,Ponorogo,15,812500,GAS
440,Kediri,Ponorogo,10,637500,PADAT
441,Kediri,Ponorogo,30,1337500,CAIR
442,Kediri,Trenggalek,16,717500,GAS
443,Kediri,Trenggalek,25,1032500,PADAT
444,Kediri,Trenggalek,15,682500,CAIR
445,Kediri,Tulungagung,10,427500,GAS
446,Kediri,Tulungagung,30,1127500,PADAT
447,Kediri,Tulungagung,16,637500,CAIR
448,Kediri,Lumajang,25,1417500,GAS
449,Kediri,Lumajang,15,1067500,PADAT
450,Kediri,Lumajang,10,892500,CAIR
451,Kediri,Jember,30,1797500,GAS
452,Kediri,Jember,16,1307500,PADAT
453,Kediri,Jember,25,1622500,CAIR
454,Kediri,Banyuwangi,15,1482500,GAS
455,Kediri,Banyuwangi,10,1307500,PADAT
456,Kediri,Banyuwangi,30,2007500,CAIR
457,Kediri,Situbondo,16,1282500,GAS
458,Kediri,Situbondo,25,1597500,PADAT
459,Kediri,Situbondo,15,1247500,CAIR
460,Kediri,Probolinggo,10,835000,GAS
461,Kediri,Probolinggo,30,1535000,PADAT
462,Kediri,Probolinggo,16,1045000,CAIR
463,Kediri,Pasuruan,25,1265000,GAS
464,Kediri,Pasuruan,15,915000,PADAT
465,Kediri,Pasuruan,10,740000,CAIR
466,Kediri,Sidoarjo,30,1415000,GAS
467,Kediri,Sidoarjo,16,925000,PADAT
468,Kediri,Sidoarjo,25,1240000,CAIR
469,Kediri,Mojokerto,15,642500,GAS
470,Kediri,Mojokerto,10,467500,PADAT
471,Kediri,Mojokerto,30,1167500,CAIR
472,Kediri,Jombang,16,670000,GAS
473,Kediri,Jombang,25,985000,PADAT
474,Kediri,Jombang,15,635000,CAIR
475,Kediri,Nganjuk,10,420000,GAS
476,Kediri,Nganjuk,30,1120000,PADAT
477,Kediri,Nganjuk,16,630000,CAIR
478,Kediri,Madiun,25,1070000,GAS
479,Kediri,Madiun,15,720000,PADAT
480,Kediri,Madiun,10,545000,CAIR
481,Kediri,Magetan,30,1305000,GAS
482,Kediri,Magetan,16,815000,PADAT
483,Kediri,Magetan,25,1130000,CAIR
484,Kediri,Ngawi,15,750000,GAS
485,Kediri,Ngawi,10,575000,PADAT
486,Kediri,Ngawi,30,1275000,CAIR
487,Kediri,Bojonegoro,16,882500,GAS
488,Kediri,Bojonegoro,25,1197500,PADAT
489,Kediri,Bojonegoro,15,847500,CAIR
490,Kediri,Tuban,10,665000,GAS
491,Kediri,Tuban,30,1365000,PADAT
492,Kediri,Tuban,16,875000,CAIR
493,Kediri,Lamongan,25,1202500,GAS
494,Kediri,Lamongan,15,852500,PADAT
495,Kediri,Lamongan,10,677500,CAIR
496,Kediri,Gresik,30,1402500,GAS
497,Kediri,Gresik,16,912500,PADAT
498,Kediri,Gresik,25,1227500,CAIR
499,Kediri,Bangkalan,15,1482500,GAS
500,Kediri,Bangkalan,10,1307500,PADAT
501,Kediri,Bangkalan,30,2007500,CAIR
502,Kediri,Sampang,16,1092500,GAS
503,Kediri,Sampang,25,1407500,PADAT
504,Kediri,Sampang,15,1057500,CAIR
505,Kediri,Pamekasan,10,965000,GAS
506,Kediri,Pamekasan,30,1665000,PADAT
507,Kediri,Pamekasan,16,1175000,CAIR
508,Kediri,Sumenep,25,1615000,GAS
509,Kediri,Sumenep,15,1265000,PADAT
510,Kediri,Sumenep,10,1090000,CAIR
511,Kediri,Surabaya,30,1357500,GAS
512,Kediri,Surabaya,16,867500,PADAT
513,Kediri,Surabaya,25,1182500,CAIR
514,Kediri,Blitar,15,635000,GAS
515,Kediri,Blitar,10,460000,PADAT
516,Kediri,Blitar,30,1160000,CAIR
517,Kediri,Malang,16,810000,GAS
518,Kediri,Malang,25,1125000,PADAT
519,Kediri,Malang,15,775000,CAIR
520,Kediri,Bondowoso,10,1315000,GAS
521,Kediri,Bondowoso,30,2015000,PADAT
522,Kediri,Bondowoso,16,1525000,CAIR
523,Lumajang,Surabaya,30,1412500,GAS
524,Lumajang,Surabaya,16,922500,PADAT
525,Lumajang,Surabaya,25,1237500,CAIR
526,Lumajang,Gresik,15,932500,GAS
527,Lumajang,Gresik,10,757500,PADAT
528,Lumajang,Gresik,30,1457500,CAIR
529,Lumajang,Sidoarjo,16,865000,GAS
530,Lumajang,Sidoarjo,25,1180000,PADAT
531,Lumajang,Sidoarjo,15,830000,CAIR
532,Lumajang,Mojokerto,30,1422500,GAS
533,Lumajang,Mojokerto,16,932500,PADAT
534,Lumajang,Mojokerto,25,1247500,CAIR
535,Lumajang,Jombang,15,965000,GAS
536,Lumajang,Jombang,10,790000,PADAT
537,Lumajang,Jombang,30,1490000,CAIR
538,Lumajang,Bojonegoro,16,1192500,GAS
539,Lumajang,Bojonegoro,25,1507500,PADAT
540,Lumajang,Bojonegoro,15,1157500,CAIR
541,Lumajang,Lamongan,30,1525000,GAS
542,Lumajang,Lamongan,16,1035000,PADAT
543,Lumajang,Lamongan,25,1350000,CAIR
544,Lumajang,Tuban,15,1145000,GAS
545,Lumajang,Tuban,10,970000,PADAT
546,Lumajang,Tuban,30,1670000,CAIR
547,Lumajang,Madiun,16,1225000,GAS
548,Lumajang,Madiun,25,1540000,PADAT
549,Lumajang,Madiun,15,1190000,CAIR
550,Lumajang,Ngawi,30,1740000,GAS
551,Lumajang,Ngawi,16,1250000,PADAT
552,Lumajang,Ngawi,25,1565000,CAIR
553,Lumajang,Magetan,15,1250000,GAS
554,Lumajang,Magetan,10,1075000,PADAT
555,Lumajang,Magetan,30,1775000,CAIR
556,Lumajang,Ponorogo,16,1112500,GAS
557,Lumajang,Ponorogo,25,1427500,PADAT
558,Lumajang,Ponorogo,15,1077500,CAIR
559,Lumajang,Pacitan,30,1740000,GAS
560,Lumajang,Pacitan,16,1250000,PADAT
561,Lumajang,Pacitan,25,1565000,CAIR
562,Lumajang,Kediri,15,1067500,GAS
563,Lumajang,Kediri,10,892500,PADAT
564,Lumajang,Kediri,30,1592500,CAIR
565,Lumajang,Nganjuk,16,1100000,GAS
566,Lumajang,Nganjuk,25,1415000,PADAT
567,Lumajang,Nganjuk,15,1065000,CAIR
568,Lumajang,Tulungagung,30,1562500,GAS
569,Lumajang,Tulungagung,16,1072500,PADAT
570,Lumajang,Tulungagung,25,1387500,CAIR
571,Lumajang,Blitar,15,955000,GAS
572,Lumajang,Blitar,10,780000,PADAT
573,Lumajang,Blitar,30,1480000,CAIR
574,Lumajang,Trenggalek,16,1150000,GAS
575,Lumajang,Trenggalek,25,1465000,PADAT
576,Lumajang,Trenggalek,15,1115000,CAIR
577,Lumajang,Malang,30,1342500,GAS
578,Lumajang,Malang,16,852500,PADAT
579,Lumajang,Malang,25,1167500,CAIR
580,Lumajang,Pasuruan,15,737500,GAS
581,Lumajang,Pasuruan,10,562500,PADAT
582,Lumajang,Pasuruan,30,1262500,CAIR
583,Lumajang,Probolinggo,16,675000,GAS
584,Lumajang,Probolinggo,25,990000,PADAT
585,Lumajang,Probolinggo,15,640000,CAIR
586,Lumajang,Bondowoso,30,1312500,GAS
587,Lumajang,Bondowoso,16,822500,PADAT
588,Lumajang,Bondowoso,25,1137500,CAIR
589,Lumajang,Situbondo,15,875000,GAS
590,Lumajang,Situbondo,10,700000,PADAT
591,Lumajang,Situbondo,30,1400000,CAIR
592,Lumajang,Jember,16,990000,GAS
593,Lumajang,Jember,25,1305000,PADAT
594,Lumajang,Jember,15,955000,CAIR
595,Lumajang,Banyuwangi,30,1492500,GAS
596,Lumajang,Banyuwangi,16,1002500,PADAT
597,Lumajang,Banyuwangi,25,1317500,CAIR
598,Lumajang,Bangkalan,15,957500,GAS
599,Lumajang,Bangkalan,10,782500,PADAT
600,Lumajang,Bangkalan,30,1482500,CAIR
601,Lumajang,Sampang,16,1147500,GAS
602,Lumajang,Sampang,25,1462500,PADAT
603,Lumajang,Sampang,15,1112500,CAIR
604,Lumajang,Pamekasan,30,1720000,GAS
605,Lumajang,Pamekasan,16,1230000,PADAT
606,Lumajang,Pamekasan,25,1545000,CAIR
607,Lumajang,Sumenep,15,1280000,GAS
608,Lumajang,Sumenep,10,1105000,PADAT
609,Lumajang,Sumenep,30,1805000,CAIR
610,Jember,Surabaya,16,1052500,GAS
611,Jember,Surabaya,25,1367500,PADAT
612,Jember,Surabaya,15,1017500,CAIR
613,Jember,Gresik,30,1587500,GAS
614,Jember,Gresik,16,1097500,PADAT
615,Jember,Gresik,25,1412500,CAIR
616,Jember,Sidoarjo,15,960000,GAS
617,Jember,Sidoarjo,10,785000,PADAT
618,Jember,Sidoarjo,30,1485000,CAIR
619,Jember,Mojokerto,16,1050000,GAS
620,Jember,Mojokerto,25,1365000,PADAT
621,Jember,Mojokerto,15,1015000,CAIR
622,Jember,Jombang,30,1620000,GAS
623,Jember,Jombang,16,1130000,PADAT
624,Jember,Jombang,25,1445000,CAIR
625,Jember,Bojonegoro,15,1287500,GAS
626,Jember,Bojonegoro,10,1112500,PADAT
627,Jember,Bojonegoro,30,1812500,CAIR
628,Jember,Lamongan,16,1165000,GAS
629,Jember,Lamongan,25,1480000,PADAT
630,Jember,Lamongan,15,1130000,CAIR
631,Jember,Tuban,30,1800000,GAS
632,Jember,Tuban,16,1310000,PADAT
633,Jember,Tuban,25,1625000,CAIR
634,Jember,Madiun,15,1320000,GAS
635,Jember,Madiun,10,1145000,PADAT
636,Jember,Madiun,30,1845000,CAIR
637,Jember,Ngawi,16,1385000,GAS
638,Jember,Ngawi,25,1700000,PADAT
639,Jember,Ngawi,15,1350000,CAIR
640,Jember,Magetan,30,1905000,GAS
641,Jember,Magetan,16,1415000,PADAT
642,Jember,Magetan,25,1730000,CAIR
643,Jember,Ponorogo,15,1392500,GAS
644,Jember,Ponorogo,10,1217500,PADAT
645,Jember,Ponorogo,30,1917500,CAIR
646,Jember,Pacitan,16,1455000,GAS
647,Jember,Pacitan,25,1770000,PADAT
648,Jember,Pacitan,15,1420000,CAIR
649,Jember,Kediri,30,1780000,GAS
650,Jember,Kediri,16,1290000,PADAT
651,Jember,Kediri,25,1605000,CAIR
652,Jember,Nganjuk,15,1195000,GAS
653,Jember,Nganjuk,10,1020000,PADAT
654,Jember,Nganjuk,30,1720000,CAIR
655,Jember,Tulungagung,16,1317500,GAS
656,Jember,Tulungagung,25,1632500,PADAT
657,Jember,Tulungagung,15,1282500,CAIR
658,Jember,Blitar,30,1725000,GAS
659,Jember,Blitar,16,1235000,PADAT
660,Jember,Blitar,25,1550000,CAIR
661,Jember,Trenggalek,15,1360000,GAS
662,Jember,Trenggalek,10,1185000,PADAT
663,Jember,Trenggalek,30,1885000,CAIR
664,Jember,Malang,16,1040000,GAS
665,Jember,Malang,25,1355000,PADAT
666,Jember,Malang,15,1005000,CAIR
667,Jember,Pasuruan,30,1392500,GAS
668,Jember,Pasuruan,16,902500,PADAT
669,Jember,Pasuruan,25,1217500,CAIR
670,Jember,Probolinggo,15,765000,GAS
671,Jember,Probolinggo,10,590000,PADAT
672,Jember,Probolinggo,30,1290000,CAIR
673,Jember,Lumajang,16,740000,GAS
674,Jember,Lumajang,25,1055000,PADAT
675,Jember,Lumajang,15,705000,CAIR
676,Jember,Bondowoso,30,1130000,GAS
677,Jember,Bondowoso,16,640000,PADAT
678,Jember,Bondowoso,25,955000,CAIR
679,Jember,Situbondo,15,767500,GAS
680,Jember,Situbondo,10,592500,PADAT
681,Jember,Situbondo,30,1292500,CAIR
682,Jember,Banyuwangi,16,822500,GAS
683,Jember,Banyuwangi,25,1137500,PADAT
684,Jember,Banyuwangi,15,787500,CAIR
685,Jember,Bangkalan,30,1612500,GAS
686,Jember,Bangkalan,16,1122500,PADAT
687,Jember,Bangkalan,25,1437500,CAIR
688,Jember,Sampang,15,1242500,GAS
689,Jember,Sampang,10,1067500,PADAT
690,Jember,Sampang,30,1767500,CAIR
691,Jember,Pamekasan,16,1360000,GAS
692,Jember,Pamekasan,25,1675000,PADAT
693,Jember,Pamekasan,15,1325000,CAIR
694,Jember,Sumenep,30,1980000,GAS
695,Jember,Sumenep,16,1490000,PADAT
696,Jember,Sumenep,25,1805000,CAIR
697,Banyuwangi,Surabaya,30,1770000,GAS
698,Banyuwangi,Surabaya,20,1420000,PADAT
699,Banyuwangi,Surabaya,22,1490000,CAIR
700,Banyuwangi,Gresik,25,1640000,GAS
701,Banyuwangi,Gresik,26,1675000,PADAT
702,Banyuwangi,Gresik,35,1990000,CAIR
703,Banyuwangi,Sidoarjo,15,1187500,GAS
704,Banyuwangi,Sidoarjo,10,1012500,PADAT
705,Banyuwangi,Sidoarjo,30,1712500,CAIR
706,Banyuwangi,Mojokerto,16,1282500,GAS
707,Banyuwangi,Mojokerto,25,1597500,PADAT
708,Banyuwangi,Mojokerto,15,1247500,CAIR
709,Banyuwangi,Jombang,30,1847500,GAS
710,Banyuwangi,Jombang,16,1357500,PADAT
711,Banyuwangi,Jombang,25,1672500,CAIR
712,Banyuwangi,Bojonegoro,30,2040000,GAS
713,Banyuwangi,Bojonegoro,20,1690000,PADAT
714,Banyuwangi,Bojonegoro,22,1760000,CAIR
715,Banyuwangi,Lamongan,25,1707500,GAS
716,Banyuwangi,Lamongan,26,1742500,PADAT
717,Banyuwangi,Lamongan,35,2057500,CAIR
718,Banyuwangi,Tuban,15,1502500,GAS
719,Banyuwangi,Tuban,10,1327500,PADAT
720,Banyuwangi,Tuban,30,2027500,CAIR
721,Banyuwangi,Madiun,16,1577500,GAS
722,Banyuwangi,Madiun,25,1892500,PADAT
723,Banyuwangi,Madiun,15,1542500,CAIR
724,Banyuwangi,Ngawi,30,2102500,GAS
725,Banyuwangi,Ngawi,16,1612500,PADAT
726,Banyuwangi,Ngawi,25,1927500,CAIR
727,Banyuwangi,Magetan,30,2132500,GAS
728,Banyuwangi,Magetan,20,1782500,PADAT
729,Banyuwangi,Magetan,22,1852500,CAIR
730,Banyuwangi,Ponorogo,25,1965000,GAS
731,Banyuwangi,Ponorogo,26,2000000,PADAT
732,Banyuwangi,Ponorogo,35,2315000,CAIR
733,Banyuwangi,Pacitan,15,1680000,GAS
734,Banyuwangi,Pacitan,10,1505000,PADAT
735,Banyuwangi,Pacitan,30,2205000,CAIR
736,Banyuwangi,Kediri,16,1517500,GAS
737,Banyuwangi,Kediri,25,1832500,PADAT
738,Banyuwangi,Kediri,15,1482500,CAIR
739,Banyuwangi,Nganjuk,30,2022500,GAS
740,Banyuwangi,Nganjuk,16,1532500,PADAT
741,Banyuwangi,Nganjuk,25,1847500,CAIR
742,Banyuwangi,Tulungagung,30,2035000,GAS
743,Banyuwangi,Tulungagung,20,1685000,PADAT
744,Banyuwangi,Tulungagung,22,1755000,CAIR
745,Banyuwangi,Blitar,25,1777500,GAS
746,Banyuwangi,Blitar,26,1812500,PADAT
747,Banyuwangi,Blitar,35,2127500,CAIR
748,Banyuwangi,Trenggalek,15,1587500,GAS
749,Banyuwangi,Trenggalek,10,1412500,PADAT
750,Banyuwangi,Trenggalek,30,2112500,CAIR
751,Banyuwangi,Malang,16,1157500,GAS
752,Banyuwangi,Malang,25,1472500,PADAT
753,Banyuwangi,Malang,15,1122500,CAIR
754,Banyuwangi,Pasuruan,30,1620000,GAS
755,Banyuwangi,Pasuruan,16,1130000,PADAT
756,Banyuwangi,Pasuruan,25,1445000,CAIR
757,Banyuwangi,Probolinggo,30,1522500,GAS
758,Banyuwangi,Probolinggo,20,1172500,PADAT
759,Banyuwangi,Probolinggo,22,1242500,CAIR
760,Banyuwangi,Lumajang,25,1317500,GAS
761,Banyuwangi,Lumajang,26,1352500,PADAT
762,Banyuwangi,Lumajang,35,1667500,CAIR
763,Banyuwangi,Bondowoso,15,865000,GAS
764,Banyuwangi,Bondowoso,10,690000,PADAT
765,Banyuwangi,Bondowoso,30,1390000,CAIR
766,Banyuwangi,Situbondo,16,795000,GAS
767,Banyuwangi,Situbondo,25,1110000,PADAT
768,Banyuwangi,Situbondo,15,760000,CAIR
769,Banyuwangi,Jember,30,1312500,GAS
770,Banyuwangi,Jember,16,822500,PADAT
771,Banyuwangi,Jember,25,1137500,CAIR
772,Banyuwangi,Bangkalan,30,1840000,GAS
773,Banyuwangi,Bangkalan,20,1490000,PADAT
774,Banyuwangi,Bangkalan,22,1560000,CAIR
775,Banyuwangi,Sampang,25,1820000,GAS
776,Banyuwangi,Sampang,26,1855000,PADAT
777,Banyuwangi,Sampang,35,2170000,CAIR
778,Banyuwangi,Pamekasan,15,1552500,GAS
779,Banyuwangi,Pamekasan,10,1377500,PADAT
780,Banyuwangi,Pamekasan,30,2077500,CAIR
781,Banyuwangi,Sumenep,16,1717500,GAS
782,Banyuwangi,Sumenep,25,2032500,PADAT
783,Banyuwangi,Sumenep,15,1682500,CAIR
784,Mojokerto,Pacitan,25,1467500,GAS
785,Mojokerto,Pacitan,30,1642500,PADAT
786,Mojokerto,Pacitan,15,1117500,CAIR
787,Mojokerto,Ponorogo,25,1260000,GAS
788,Mojokerto,Ponorogo,30,1435000,PADAT
789,Mojokerto,Ponorogo,15,910000,CAIR
790,Mojokerto,Trenggalek,25,1220000,GAS
791,Mojokerto,Trenggalek,15,870000,PADAT
792,Mojokerto,Trenggalek,25,1220000,CAIR
793,Mojokerto,Tulungagung,30,1372500,GAS
794,Mojokerto,Tulungagung,15,847500,PADAT
795,Mojokerto,Tulungagung,25,1197500,CAIR
796,Mojokerto,Kediri,30,1295000,GAS
797,Mojokerto,Kediri,15,770000,PADAT
798,Mojokerto,Kediri,25,1120000,CAIR
799,Mojokerto,Lumajang,30,1400000,GAS
800,Mojokerto,Lumajang,15,875000,PADAT
801,Mojokerto,Lumajang,25,1225000,CAIR
802,Mojokerto,Jember,15,1000000,GAS
803,Mojokerto,Jember,25,1350000,PADAT
804,Mojokerto,Jember,30,1525000,CAIR
805,Mojokerto,Banyuwangi,15,1242500,GAS
806,Mojokerto,Banyuwangi,25,1592500,PADAT
807,Mojokerto,Banyuwangi,30,1767500,CAIR
808,Mojokerto,Situbondo,15,1002500,GAS
809,Mojokerto,Situbondo,25,1352500,PADAT
810,Mojokerto,Situbondo,15,1002500,CAIR
811,Mojokerto,Bondowoso,25,1345000,GAS
812,Mojokerto,Bondowoso,30,1520000,PADAT
813,Mojokerto,Bondowoso,15,995000,CAIR
814,Mojokerto,Probolinggo,25,1120000,GAS
815,Mojokerto,Probolinggo,30,1295000,PADAT
816,Mojokerto,Probolinggo,25,1120000,CAIR
817,Mojokerto,Pasuruan,30,1205000,GAS
818,Mojokerto,Pasuruan,15,680000,PADAT
819,Mojokerto,Pasuruan,25,1030000,CAIR
820,Mojokerto,Sidoarjo,30,1142500,GAS
821,Mojokerto,Sidoarjo,15,617500,PADAT
822,Mojokerto,Sidoarjo,25,967500,CAIR
823,Mojokerto,Jombang,30,1132500,GAS
824,Mojokerto,Jombang,25,957500,PADAT
825,Mojokerto,Jombang,30,1132500,CAIR
826,Mojokerto,Nganjuk,15,715000,GAS
827,Mojokerto,Nganjuk,15,715000,PADAT
828,Mojokerto,Nganjuk,25,1065000,CAIR
829,Mojokerto,Madiun,30,1362500,GAS
830,Mojokerto,Madiun,15,837500,PADAT
831,Mojokerto,Madiun,25,1187500,CAIR
832,Mojokerto,Magetan,30,1415000,GAS
833,Mojokerto,Magetan,15,890000,PADAT
834,Mojokerto,Magetan,25,1240000,CAIR
835,Mojokerto,Ngawi,30,1440000,GAS
836,Mojokerto,Ngawi,25,1265000,PADAT
837,Mojokerto,Ngawi,30,1440000,CAIR
838,Mojokerto,Bojonegoro,15,895000,GAS
839,Mojokerto,Bojonegoro,25,1245000,PADAT
840,Mojokerto,Bojonegoro,30,1420000,CAIR
841,Mojokerto,Tuban,15,842500,GAS
842,Mojokerto,Tuban,15,842500,PADAT
843,Mojokerto,Tuban,25,1192500,CAIR
844,Mojokerto,Lamongan,30,1250000,GAS
845,Mojokerto,Lamongan,30,1250000,PADAT
846,Mojokerto,Lamongan,15,725000,CAIR
847,Mojokerto,Gresik,25,1040000,GAS
848,Mojokerto,Gresik,30,1215000,PADAT
849,Mojokerto,Gresik,15,690000,CAIR
850,Mojokerto,Bangkalan,25,1112500,GAS
851,Mojokerto,Bangkalan,30,1287500,PADAT
852,Mojokerto,Bangkalan,30,1287500,CAIR
853,Mojokerto,Sampang,15,887500,GAS
854,Mojokerto,Sampang,25,1237500,PADAT
855,Mojokerto,Sampang,42,1832500,CAIR
856,Mojokerto,Pamekasan,32,1557500,GAS
857,Mojokerto,Pamekasan,25,1312500,PADAT
858,Mojokerto,Pamekasan,33,1592500,CAIR
859,Mojokerto,Sumenep,21,1307500,GAS
860,Mojokerto,Sumenep,25,1447500,PADAT
861,Mojokerto,Sumenep,30,1622500,CAIR
862,Mojokerto,Surabaya,15,685000,GAS
863,Mojokerto,Surabaya,24,1000000,PADAT
864,Mojokerto,Surabaya,30,1210000,CAIR
865,Mojokerto,Blitar,26,1255000,GAS
866,Mojokerto,Blitar,45,1920000,PADAT
867,Mojokerto,Blitar,30,1395000,CAIR
868,Mojokerto,Malang,27,1160000,GAS
869,Mojokerto,Malang,25,1090000,PADAT
870,Mojokerto,Malang,28,1195000,CAIR
871,Jombang,Pacitan,15,1007500,GAS
872,Jombang,Pacitan,25,1357500,PADAT
873,Jombang,Pacitan,26,1392500,CAIR
874,Jombang,Ponorogo,45,1880000,GAS
875,Jombang,Ponorogo,25,1180000,PADAT
876,Jombang,Ponorogo,25,1180000,CAIR
877,Jombang,Trenggalek,30,1302500,GAS
878,Jombang,Trenggalek,15,777500,PADAT
879,Jombang,Trenggalek,25,1127500,CAIR
880,Jombang,Tulungagung,15,725000,GAS
881,Jombang,Tulungagung,15,725000,PADAT
882,Jombang,Tulungagung,25,1075000,CAIR
883,Jombang,Kediri,30,1172500,GAS
884,Jombang,Kediri,15,647500,PADAT
885,Jombang,Kediri,25,997500,CAIR
886,Jombang,Lumajang,30,1552500,GAS
887,Jombang,Lumajang,15,1027500,PADAT
888,Jombang,Lumajang,25,1377500,CAIR
889,Jombang,Jember,15,1155000,GAS
890,Jombang,Jember,25,1505000,PADAT
891,Jombang,Jember,20,1330000,CAIR
892,Jombang,Banyuwangi,15,1425000,GAS
893,Jombang,Banyuwangi,21,1635000,PADAT
894,Jombang,Banyuwangi,30,1950000,CAIR
895,Jombang,Situbondo,24,1502500,GAS
896,Jombang,Situbondo,25,1537500,PADAT
897,Jombang,Situbondo,15,1187500,CAIR
898,Jombang,Bondowoso,23,1460000,GAS
899,Jombang,Bondowoso,30,1705000,PADAT
900,Jombang,Bondowoso,15,1180000,CAIR
901,Jombang,Probolinggo,25,1275000,GAS
902,Jombang,Probolinggo,14,890000,PADAT
903,Jombang,Probolinggo,25,1275000,CAIR
904,Jombang,Pasuruan,30,1357500,GAS
905,Jombang,Pasuruan,15,832500,PADAT
906,Jombang,Pasuruan,25,1182500,CAIR
907,Jombang,Sidoarjo,30,1247500,GAS
908,Jombang,Sidoarjo,30,1247500,PADAT
909,Jombang,Sidoarjo,15,722500,CAIR
910,Jombang,Mojokerto,24,930000,GAS
911,Jombang,Mojokerto,30,1140000,PADAT
912,Jombang,Mojokerto,15,615000,CAIR
913,Jombang,Nganjuk,24,947500,GAS
914,Jombang,Nganjuk,25,982500,PADAT
915,Jombang,Nganjuk,30,1157500,CAIR
916,Jombang,Madiun,25,1110000,GAS
917,Jombang,Madiun,15,760000,PADAT
918,Jombang,Madiun,46,1845000,CAIR
919,Jombang,Magetan,30,1345000,GAS
920,Jombang,Magetan,15,820000,PADAT
921,Jombang,Magetan,30,1345000,CAIR
922,Jombang,Ngawi,15,802500,GAS
923,Jombang,Ngawi,25,1152500,PADAT
924,Jombang,Ngawi,30,1327500,CAIR
925,Jombang,Bojonegoro,25,1132500,GAS
926,Jombang,Bojonegoro,25,1132500,PADAT
927,Jombang,Bojonegoro,32,1377500,CAIR
928,Jombang,Tuban,19,880000,GAS
929,Jombang,Tuban,24,1055000,PADAT
930,Jombang,Tuban,30,1265000,CAIR
931,Jombang,Lamongan,26,1097500,GAS
932,Jombang,Lamongan,45,1762500,PADAT
933,Jombang,Lamongan,30,1237500,CAIR
934,Jombang,Gresik,25,1107500,GAS
935,Jombang,Gresik,26,1142500,PADAT
936,Jombang,Gresik,45,1807500,CAIR
937,Jombang,Bangkalan,18,907500,GAS
938,Jombang,Bangkalan,26,1187500,PADAT
939,Jombang,Bangkalan,20,977500,CAIR
940,Jombang,Sampang,30,1447500,GAS
941,Jombang,Sampang,45,1972500,PADAT
942,Jombang,Sampang,30,1447500,CAIR
943,Jombang,Pamekasan,27,1422500,GAS
944,Jombang,Pamekasan,25,1352500,PADAT
945,Jombang,Pamekasan,25,1352500,CAIR
946,Jombang,Sumenep,30,1662500,GAS
947,Jombang,Sumenep,15,1137500,PADAT
948,Jombang,Sumenep,24,1452500,CAIR
949,Jombang,Surabaya,30,1247500,GAS
950,Jombang,Surabaya,26,1107500,PADAT
951,Jombang,Surabaya,45,1772500,CAIR
952,Jombang,Blitar,30,1242500,GAS
953,Jombang,Blitar,45,1767500,PADAT
954,Jombang,Blitar,30,1242500,CAIR
955,Jombang,Malang,27,1260000,GAS
956,Jombang,Malang,25,1190000,PADAT
957,Jombang,Malang,28,1295000,CAIR
958,Nganjuk,Pacitan,25,1292500,GAS
959,Nganjuk,Pacitan,30,1467500,PADAT
960,Nganjuk,Pacitan,25,1292500,CAIR
961,Nganjuk,Ponorogo,27,1165000,GAS
962,Nganjuk,Ponorogo,25,1095000,PADAT
963,Nganjuk,Ponorogo,25,1095000,CAIR
964,Nganjuk,Trenggalek,30,1267500,GAS
965,Nganjuk,Trenggalek,15,742500,PADAT
966,Nganjuk,Trenggalek,24,1057500,CAIR
967,Nganjuk,Tulungagung,30,1217500,GAS
968,Nganjuk,Tulungagung,26,1077500,PADAT
969,Nganjuk,Tulungagung,25,1042500,CAIR
970,Nganjuk,Kediri,30,1140000,GAS
971,Nganjuk,Kediri,15,615000,PADAT
972,Nganjuk,Kediri,25,965000,CAIR
973,Nganjuk,Lumajang,30,1645000,GAS
974,Nganjuk,Lumajang,26,1505000,PADAT
975,Nganjuk,Lumajang,25,1470000,CAIR
976,Nganjuk,Jember,30,1772500,GAS
977,Nganjuk,Jember,15,1247500,PADAT
978,Nganjuk,Jember,25,1597500,CAIR
979,Nganjuk,Banyuwangi,30,2042500,GAS
980,Nganjuk,Banyuwangi,30,2042500,PADAT
981,Nganjuk,Banyuwangi,30,2042500,CAIR
982,Nganjuk,Situbondo,15,1280000,GAS
983,Nganjuk,Situbondo,25,1630000,PADAT
984,Nganjuk,Situbondo,30,1805000,CAIR
985,Nganjuk,Bondowoso,15,1272500,GAS
986,Nganjuk,Bondowoso,25,1622500,PADAT
987,Nganjuk,Bondowoso,42,2217500,CAIR
988,Nganjuk,Probolinggo,32,1612500,GAS
989,Nganjuk,Probolinggo,25,1367500,PADAT
990,Nganjuk,Probolinggo,33,1647500,CAIR
991,Nganjuk,Pasuruan,21,1135000,GAS
992,Nganjuk,Pasuruan,25,1275000,PADAT
993,Nganjuk,Pasuruan,25,1275000,CAIR
994,Nganjuk,Sidoarjo,15,815000,GAS
995,Nganjuk,Sidoarjo,25,1165000,PADAT
996,Nganjuk,Sidoarjo,30,1340000,CAIR
997,Nganjuk,Jombang,15,640000,GAS
998,Nganjuk,Jombang,25,990000,PADAT
999,Nganjuk,Jombang,30,1165000,CAIR
1000,Nganjuk,Mojokerto,15,707500,GAS
1001,Nganjuk,Mojokerto,15,707500,PADAT
1002,Nganjuk,Mojokerto,25,1057500,CAIR
1003,Nganjuk,Madiun,30,1197500,GAS
1004,Nganjuk,Madiun,15,672500,PADAT
1005,Nganjuk,Madiun,25,1022500,CAIR
1006,Nganjuk,Magetan,15,735000,GAS
1007,Nganjuk,Magetan,25,1085000,PADAT
1008,Nganjuk,Magetan,30,1260000,CAIR
1009,Nganjuk,Ngawi,15,717500,GAS
1010,Nganjuk,Ngawi,25,1067500,PADAT
1011,Nganjuk,Ngawi,30,1242500,CAIR
1012,Nganjuk,Bojonegoro,30,1215000,GAS
1013,Nganjuk,Bojonegoro,15,690000,PADAT
1014,Nganjuk,Bojonegoro,30,1215000,CAIR
1015,Nganjuk,Tuban,15,840000,GAS
1016,Nganjuk,Tuban,15,840000,PADAT
1017,Nganjuk,Tuban,25,1190000,CAIR
1018,Nganjuk,Lamongan,30,1330000,GAS
1019,Nganjuk,Lamongan,30,1330000,PADAT
1020,Nganjuk,Lamongan,15,805000,CAIR
1021,Nganjuk,Gresik,25,1200000,GAS
1022,Nganjuk,Gresik,30,1375000,PADAT
1023,Nganjuk,Gresik,15,850000,CAIR
1024,Nganjuk,Bangkalan,25,1245000,GAS
1025,Nganjuk,Bangkalan,30,1420000,PADAT
1026,Nganjuk,Bangkalan,30,1420000,CAIR
1027,Nganjuk,Sampang,15,1015000,GAS
1028,Nganjuk,Sampang,25,1365000,PADAT
1029,Nganjuk,Sampang,42,1960000,CAIR
1030,Nganjuk,Pamekasan,32,1690000,GAS
1031,Nganjuk,Pamekasan,25,1445000,PADAT
1032,Nganjuk,Pamekasan,33,1725000,CAIR
1033,Nganjuk,Sumenep,21,1437500,GAS
1034,Nganjuk,Sumenep,25,1577500,PADAT
1035,Nganjuk,Sumenep,30,1752500,CAIR
1036,Nganjuk,Surabaya,15,815000,GAS
1037,Nganjuk,Surabaya,24,1130000,PADAT
1038,Nganjuk,Surabaya,25,1165000,CAIR
1039,Nganjuk,Blitar,30,1242500,GAS
1040,Nganjuk,Blitar,15,717500,PADAT
1041,Nganjuk,Blitar,25,1067500,CAIR
1042,Nganjuk,Malang,15,947500,GAS
1043,Nganjuk,Malang,42,1892500,PADAT
1044,Nganjuk,Malang,32,1542500,CAIR
1045,Madiun,Pacitan,25,1145000,GAS
1046,Madiun,Pacitan,33,1425000,PADAT
1047,Madiun,Pacitan,21,1005000,CAIR
1048,Madiun,Ponorogo,25,947500,GAS
1049,Madiun,Ponorogo,30,1122500,PADAT
1050,Madiun,Ponorogo,15,597500,CAIR
1051,Madiun,Trenggalek,24,1020000,GAS
1052,Madiun,Trenggalek,30,1230000,PADAT
1053,Madiun,Trenggalek,26,1090000,CAIR
1054,Madiun,Tulungagung,45,1885000,GAS
1055,Madiun,Tulungagung,30,1360000,PADAT
1056,Madiun,Tulungagung,27,1255000,CAIR
1057,Madiun,Kediri,30,1282500,GAS
1058,Madiun,Kediri,15,757500,PADAT
1059,Madiun,Kediri,25,1107500,CAIR
1060,Madiun,Lumajang,30,1765000,GAS
1061,Madiun,Lumajang,30,1765000,PADAT
1062,Madiun,Lumajang,27,1660000,CAIR
1063,Madiun,Jember,30,1895000,GAS
1064,Madiun,Jember,15,1370000,PADAT
1065,Madiun,Jember,25,1720000,CAIR
1066,Madiun,Banyuwangi,30,2165000,GAS
1067,Madiun,Banyuwangi,26,2025000,PADAT
1068,Madiun,Banyuwangi,45,2690000,CAIR
1069,Madiun,Situbondo,15,1402500,GAS
1070,Madiun,Situbondo,25,1752500,PADAT
1071,Madiun,Situbondo,30,1927500,CAIR
1072,Madiun,Bondowoso,30,1917500,GAS
1073,Madiun,Bondowoso,27,1812500,PADAT
1074,Madiun,Bondowoso,30,1917500,CAIR
1075,Madiun,Probolinggo,15,1137500,GAS
1076,Madiun,Probolinggo,30,1662500,PADAT
1077,Madiun,Probolinggo,26,1522500,CAIR
1078,Madiun,Pasuruan,45,2135000,GAS
1079,Madiun,Pasuruan,30,1610000,PADAT
1080,Madiun,Pasuruan,27,1505000,CAIR
1081,Madiun,Sidoarjo,30,1462500,GAS
1082,Madiun,Sidoarjo,15,937500,PADAT
1083,Madiun,Sidoarjo,25,1287500,CAIR
1084,Madiun,Jombang,15,760000,GAS
1085,Madiun,Jombang,30,1285000,PADAT
1086,Madiun,Jombang,26,1145000,CAIR
1087,Madiun,Mojokerto,45,1880000,GAS
1088,Madiun,Mojokerto,30,1355000,PADAT
1089,Madiun,Mojokerto,27,1250000,CAIR
1090,Madiun,Nganjuk,30,1200000,GAS
1091,Madiun,Nganjuk,15,675000,PADAT
1092,Madiun,Nganjuk,25,1025000,CAIR
1093,Madiun,Magetan,30,1120000,GAS
1094,Madiun,Magetan,15,595000,PADAT
1095,Madiun,Magetan,25,945000,CAIR
1096,Madiun,Ngawi,30,1147500,GAS
1097,Madiun,Ngawi,25,972500,PADAT
1098,Madiun,Ngawi,30,1147500,CAIR
1099,Madiun,Bojonegoro,15,807500,GAS
1100,Madiun,Bojonegoro,25,1157500,PADAT
1101,Madiun,Bojonegoro,30,1332500,CAIR
1102,Madiun,Tuban,15,960000,GAS
1103,Madiun,Tuban,25,1310000,PADAT
1104,Madiun,Tuban,15,960000,CAIR
1105,Madiun,Lamongan,30,1452500,GAS
1106,Madiun,Lamongan,30,1452500,PADAT
1107,Madiun,Lamongan,15,927500,CAIR
1108,Madiun,Gresik,25,1322500,GAS
1109,Madiun,Gresik,30,1497500,PADAT
1110,Madiun,Gresik,15,972500,CAIR
1111,Madiun,Bangkalan,25,1367500,GAS
1112,Madiun,Bangkalan,15,1017500,PADAT
1113,Madiun,Bangkalan,30,1542500,CAIR
1114,Madiun,Sampang,26,1522500,GAS
1115,Madiun,Sampang,45,2187500,PADAT
1116,Madiun,Sampang,30,1662500,CAIR
1117,Madiun,Pamekasan,27,1637500,GAS
1118,Madiun,Pamekasan,30,1742500,PADAT
1119,Madiun,Pamekasan,33,1847500,CAIR
1120,Madiun,Sumenep,21,1560000,GAS
1121,Madiun,Sumenep,25,1700000,PADAT
1122,Madiun,Sumenep,30,1875000,CAIR
1123,Madiun,Surabaya,15,937500,GAS
1124,Madiun,Surabaya,24,1252500,PADAT
1125,Madiun,Surabaya,30,1462500,CAIR
1126,Madiun,Blitar,25,1210000,GAS
1127,Madiun,Blitar,30,1385000,PADAT
1128,Madiun,Blitar,15,860000,CAIR
1129,Madiun,Malang,25,1460000,GAS
1130,Madiun,Malang,15,1110000,PADAT
1131,Madiun,Malang,24,1425000,CAIR
1132,Magetan,Pacitan,30,1327500,GAS
1133,Magetan,Pacitan,26,1187500,PADAT
1134,Magetan,Pacitan,15,802500,CAIR
1135,Magetan,Ponorogo,25,985000,GAS
1136,Magetan,Ponorogo,30,1160000,PADAT
1137,Magetan,Ponorogo,15,635000,CAIR
1138,Magetan,Trenggalek,25,1067500,GAS
1139,Magetan,Trenggalek,15,717500,PADAT
1140,Magetan,Trenggalek,25,1067500,CAIR
1141,Magetan,Tulungagung,30,1332500,GAS
1142,Magetan,Tulungagung,15,807500,PADAT
1143,Magetan,Tulungagung,25,1157500,CAIR
1144,Magetan,Kediri,15,820000,GAS
1145,Magetan,Kediri,24,1135000,PADAT
1146,Magetan,Kediri,30,1345000,CAIR
1147,Magetan,Lumajang,26,1687500,GAS
1148,Magetan,Lumajang,45,2352500,PADAT
1149,Magetan,Lumajang,30,1827500,CAIR
1150,Magetan,Jember,27,1850000,GAS
1151,Magetan,Jember,25,1780000,PADAT
1152,Magetan,Jember,30,1955000,CAIR
1153,Magetan,Banyuwangi,26,2085000,GAS
1154,Magetan,Banyuwangi,45,2750000,PADAT
1155,Magetan,Banyuwangi,30,2225000,CAIR
1156,Magetan,Situbondo,27,1882500,GAS
1157,Magetan,Situbondo,25,1812500,PADAT
1158,Magetan,Situbondo,25,1812500,CAIR
1159,Magetan,Bondowoso,30,1980000,GAS
1160,Magetan,Bondowoso,15,1455000,PADAT
1161,Magetan,Bondowoso,25,1805000,CAIR
1162,Magetan,Probolinggo,25,1550000,GAS
1163,Magetan,Probolinggo,30,1725000,PADAT
1164,Magetan,Probolinggo,25,1550000,CAIR
1165,Magetan,Pasuruan,30,1632500,GAS
1166,Magetan,Pasuruan,15,1107500,PADAT
1167,Magetan,Pasuruan,25,1457500,CAIR
1168,Magetan,Sidoarjo,30,1522500,GAS
1169,Magetan,Sidoarjo,15,997500,PADAT
1170,Magetan,Sidoarjo,25,1347500,CAIR
1171,Magetan,Jombang,30,1347500,GAS
1172,Magetan,Jombang,25,1172500,PADAT
1173,Magetan,Jombang,26,1207500,CAIR
1174,Magetan,Mojokerto,45,1940000,GAS
1175,Magetan,Mojokerto,30,1415000,PADAT
1176,Magetan,Mojokerto,27,1310000,CAIR
1177,Magetan,Nganjuk,25,1085000,GAS
1178,Magetan,Nganjuk,15,735000,PADAT
1179,Magetan,Nganjuk,25,1085000,CAIR
1180,Magetan,Madiun,30,1120000,GAS
1181,Magetan,Madiun,15,595000,PADAT
1182,Magetan,Madiun,25,945000,CAIR
1183,Magetan,Ngawi,30,1140000,GAS
1184,Magetan,Ngawi,26,1000000,PADAT
1185,Magetan,Ngawi,45,1665000,CAIR
1186,Magetan,Bojonegoro,30,1407500,GAS
1187,Magetan,Bojonegoro,27,1302500,PADAT
1188,Magetan,Bojonegoro,25,1232500,CAIR
1189,Magetan,Tuban,15,890000,GAS
1190,Magetan,Tuban,27,1310000,PADAT
1191,Magetan,Tuban,25,1240000,CAIR
1192,Magetan,Lamongan,15,987500,GAS
1193,Magetan,Lamongan,25,1337500,PADAT
1194,Magetan,Lamongan,30,1512500,CAIR
1195,Magetan,Gresik,25,1382500,GAS
1196,Magetan,Gresik,15,1032500,PADAT
1197,Magetan,Gresik,25,1382500,CAIR
1198,Magetan,Bangkalan,30,1602500,GAS
1199,Magetan,Bangkalan,30,1602500,PADAT
1200,Magetan,Bangkalan,30,1602500,CAIR
1201,Magetan,Sampang,15,1197500,GAS
1202,Magetan,Sampang,25,1547500,PADAT
1203,Magetan,Sampang,42,2142500,CAIR
1204,Magetan,Pamekasan,32,1872500,GAS
1205,Magetan,Pamekasan,25,1627500,PADAT
1206,Magetan,Pamekasan,15,1277500,CAIR
1207,Magetan,Sumenep,25,1760000,GAS
1208,Magetan,Sumenep,30,1935000,PADAT
1209,Magetan,Sumenep,30,1935000,CAIR
1210,Magetan,Surabaya,15,997500,GAS
1211,Magetan,Surabaya,24,1312500,PADAT
1212,Magetan,Surabaya,30,1522500,CAIR
1213,Magetan,Blitar,26,1305000,GAS
1214,Magetan,Blitar,45,1970000,PADAT
1215,Magetan,Blitar,30,1445000,CAIR
1216,Magetan,Malang,27,1590000,GAS
1217,Magetan,Malang,25,1520000,PADAT
1218,Magetan,Malang,28,1625000,CAIR
1219,Surabaya,Pacitan,15,1215000,GAS
1220,Surabaya,Pacitan,25,1565000,PADAT
1221,Surabaya,Pacitan,30,1740000,CAIR
1222,Surabaya,Ponorogo,15,1020000,GAS
1223,Surabaya,Ponorogo,25,1370000,PADAT
1224,Surabaya,Ponorogo,30,1545000,CAIR
1225,Surabaya,Trenggalek,15,1015000,GAS
1226,Surabaya,Trenggalek,25,1365000,PADAT
1227,Surabaya,Trenggalek,30,1540000,CAIR
1228,Surabaya,Tulungagung,15,910000,GAS
1229,Surabaya,Tulungagung,25,1260000,PADAT
1230,Surabaya,Tulungagung,30,1435000,CAIR
1231,Surabaya,Lumajang,15,887500,GAS
1232,Surabaya,Lumajang,25,1237500,PADAT
1233,Surabaya,Lumajang,30,1412500,CAIR
1234,Surabaya,Jember,15,1017500,GAS
1235,Surabaya,Jember,25,1367500,PADAT
1236,Surabaya,Jember,30,1542500,CAIR
1237,Surabaya,Banyuwangi,15,1245000,GAS
1238,Surabaya,Banyuwangi,25,1595000,PADAT
1239,Surabaya,Banyuwangi,30,1770000,CAIR
1240,Surabaya,Bondowoso,15,1002500,GAS
1241,Surabaya,Bondowoso,25,1352500,PADAT
1242,Surabaya,Bondowoso,30,1527500,CAIR
1243,Surabaya,Situbondo,15,1010000,GAS
1244,Surabaya,Situbondo,25,1360000,PADAT
1245,Surabaya,Situbondo,30,1535000,CAIR
1246,Surabaya,Probolinggo,15,772500,GAS
1247,Surabaya,Probolinggo,25,1122500,PADAT
1248,Surabaya,Probolinggo,30,1297500,CAIR
1249,Surabaya,Pasuruan,15,675000,GAS
1250,Surabaya,Pasuruan,25,1025000,PADAT
1251,Surabaya,Pasuruan,30,1200000,CAIR
1252,Surabaya,Sidoarjo,15,582500,GAS
1253,Surabaya,Sidoarjo,25,932500,PADAT
1254,Surabaya,Sidoarjo,30,1107500,CAIR
1255,Surabaya,Mojokerto,15,647500,GAS
1256,Surabaya,Mojokerto,25,997500,PADAT
1257,Surabaya,Mojokerto,30,1172500,CAIR
1258,Surabaya,Jombang,15,722500,GAS
1259,Surabaya,Jombang,25,1072500,PADAT
1260,Surabaya,Jombang,30,1247500,CAIR
1261,Surabaya,Nganjuk,15,822500,GAS
1262,Surabaya,Nganjuk,25,1172500,PADAT
1263,Surabaya,Nganjuk,30,1347500,CAIR
1264,Surabaya,Madiun,15,947500,GAS
1265,Surabaya,Madiun,25,1297500,PADAT
1266,Surabaya,Madiun,30,1472500,CAIR
1267,Surabaya,Magetan,15,1007500,GAS
1268,Surabaya,Magetan,25,1357500,PADAT
1269,Surabaya,Magetan,30,1532500,CAIR
1270,Surabaya,Ngawi,15,977500,GAS
1271,Surabaya,Ngawi,25,1327500,PADAT
1272,Surabaya,Ngawi,30,1502500,CAIR
1273,Surabaya,Bojonegoro,15,795000,GAS
1274,Surabaya,Bojonegoro,25,1145000,PADAT
1275,Surabaya,Bojonegoro,30,1320000,CAIR
1276,Surabaya,Tuban,15,782500,GAS
1277,Surabaya,Tuban,25,1132500,PADAT
1278,Surabaya,Tuban,30,1307500,CAIR
1279,Surabaya,Lamongan,15,637500,GAS
1280,Surabaya,Lamongan,25,987500,PADAT
1281,Surabaya,Lamongan,30,1162500,CAIR
1282,Surabaya,Gresik,15,570000,GAS
1283,Surabaya,Gresik,25,920000,PADAT
1284,Surabaya,Gresik,30,1095000,CAIR
1285,Surabaya,Bangkalan,15,595000,GAS
1286,Surabaya,Bangkalan,25,945000,PADAT
1287,Surabaya,Bangkalan,30,1120000,CAIR
1288,Surabaya,Sampang,15,750000,GAS
1289,Surabaya,Sampang,25,1100000,PADAT
1290,Surabaya,Sampang,30,1275000,CAIR
1291,Surabaya,Pamekasan,15,832500,GAS
1292,Surabaya,Pamekasan,25,1182500,PADAT
1293,Surabaya,Pamekasan,30,1357500,CAIR
1294,Surabaya,Sumenep,15,962500,GAS
1295,Surabaya,Sumenep,25,1312500,PADAT
1296,Surabaya,Sumenep,30,1487500,CAIR
1297,Surabaya,Kediri,15,832500,GAS
1298,Surabaya,Kediri,25,1182500,PADAT
1299,Surabaya,Kediri,30,1357500,CAIR
1300,Surabaya,Blitar,15,942500,GAS
1301,Surabaya,Blitar,25,1292500,PADAT
1302,Surabaya,Blitar,30,1467500,CAIR
1303,Surabaya,Malang,15,747500,GAS
1304,Surabaya,Malang,25,1097500,PADAT
1305,Surabaya,Malang,30,1272500,CAIR
1306,Kediri,Pacitan,15,975000,GAS
1307,Kediri,Pacitan,25,1325000,PADAT
1308,Kediri,Pacitan,30,1500000,CAIR
1309,Kediri,Ponorogo,15,812500,GAS
1310,Kediri,Ponorogo,25,1162500,PADAT
1311,Kediri,Ponorogo,30,1337500,CAIR
1312,Kediri,Trenggalek,15,682500,GAS
1313,Kediri,Trenggalek,25,1032500,PADAT
1314,Kediri,Trenggalek,30,1207500,CAIR
1315,Kediri,Tulungagung,15,602500,GAS
1316,Kediri,Tulungagung,25,952500,PADAT
1317,Kediri,Tulungagung,30,1127500,CAIR
1318,Kediri,Lumajang,15,1067500,GAS
1319,Kediri,Lumajang,25,1417500,PADAT
1320,Kediri,Lumajang,30,1592500,CAIR
1321,Kediri,Jember,15,1255000,GAS
1322,Kediri,Jember,25,1605000,PADAT
1323,Kediri,Jember,30,1780000,CAIR
1324,Kediri,Banyuwangi,15,1482500,GAS
1325,Kediri,Banyuwangi,25,1832500,PADAT
1326,Kediri,Banyuwangi,30,2007500,CAIR
1327,Kediri,Bondowoso,15,1490000,GAS
1328,Kediri,Bondowoso,25,1840000,PADAT
1329,Kediri,Bondowoso,30,2015000,CAIR
1330,Kediri,Situbondo,15,1247500,GAS
1331,Kediri,Situbondo,25,1597500,PADAT
1332,Kediri,Situbondo,30,1772500,CAIR
1333,Kediri,Probolinggo,15,1010000,GAS
1334,Kediri,Probolinggo,25,1360000,PADAT
1335,Kediri,Probolinggo,30,1535000,CAIR
1336,Kediri,Pasuruan,15,912500,GAS
1337,Kediri,Pasuruan,25,1262500,PADAT
1338,Kediri,Pasuruan,30,1437500,CAIR
1339,Kediri,Sidoarjo,15,887500,GAS
1340,Kediri,Sidoarjo,25,1237500,PADAT
1341,Kediri,Sidoarjo,30,1412500,CAIR
1342,Kediri,Mojokerto,15,710000,GAS
1343,Kediri,Mojokerto,25,1060000,PADAT
1344,Kediri,Mojokerto,30,1235000,CAIR
1345,Kediri,Jombang,15,635000,GAS
1346,Kediri,Jombang,25,985000,PADAT
1347,Kediri,Jombang,30,1160000,CAIR
1348,Kediri,Nganjuk,15,595000,GAS
1349,Kediri,Nganjuk,25,945000,PADAT
1350,Kediri,Nganjuk,30,1120000,CAIR
1351,Kediri,Madiun,15,720000,GAS
1352,Kediri,Madiun,25,1070000,PADAT
1353,Kediri,Madiun,30,1245000,CAIR
1354,Kediri,Magetan,15,780000,GAS
1355,Kediri,Magetan,25,1130000,PADAT
1356,Kediri,Magetan,30,1305000,CAIR
1357,Kediri,Ngawi,15,750000,GAS
1358,Kediri,Ngawi,25,1100000,PADAT
1359,Kediri,Ngawi,30,1275000,CAIR
1360,Kediri,Bojonegoro,15,847500,GAS
1361,Kediri,Bojonegoro,25,1197500,PADAT
1362,Kediri,Bojonegoro,30,1372500,CAIR
1363,Kediri,Tuban,15,840000,GAS
1364,Kediri,Tuban,25,1190000,PADAT
1365,Kediri,Tuban,30,1365000,CAIR
1366,Kediri,Lamongan,15,852500,GAS
1367,Kediri,Lamongan,25,1202500,PADAT
1368,Kediri,Lamongan,30,1377500,CAIR
1369,Kediri,Gresik,15,877500,GAS
1370,Kediri,Gresik,25,1227500,PADAT
1371,Kediri,Gresik,30,1402500,CAIR
1372,Kediri,Bangkalan,15,902500,GAS
1373,Kediri,Bangkalan,25,1252500,PADAT
1374,Kediri,Bangkalan,30,1427500,CAIR
1375,Kediri,Sampang,15,1057500,GAS
1376,Kediri,Sampang,25,1407500,PADAT
1377,Kediri,Sampang,30,1582500,CAIR
1378,Kediri,Pamekasan,15,1140000,GAS
1379,Kediri,Pamekasan,25,1490000,PADAT
1380,Kediri,Pamekasan,30,1665000,CAIR
1381,Kediri,Sumenep,15,1240000,GAS
1382,Kediri,Sumenep,25,1590000,PADAT
1383,Kediri,Sumenep,30,1765000,CAIR
1384,Kediri,Surabaya,15,832500,GAS
1385,Kediri,Surabaya,25,1182500,PADAT
1386,Kediri,Surabaya,30,1357500,CAIR
1387,Kediri,Blitar,15,635000,GAS
1388,Kediri,Blitar,25,985000,PADAT
1389,Kediri,Blitar,30,1160000,CAIR
1390,Kediri,Malang,15,775000,GAS
1391,Kediri,Malang,25,1125000,PADAT
1392,Kediri,Malang,30,1300000,CAIR
1393,Blitar,Pacitan,15,980000,GAS
1394,Blitar,Pacitan,25,1330000,PADAT
1395,Blitar,Pacitan,30,1505000,CAIR
1396,Blitar,Ponorogo,15,817500,GAS
1397,Blitar,Ponorogo,25,1167500,PADAT
1398,Blitar,Ponorogo,30,1342500,CAIR
1399,Blitar,Trenggalek,30,1210000,GAS
1400,Blitar,Trenggalek,16,720000,PADAT
1401,Blitar,Trenggalek,25,1035000,CAIR
1402,Blitar,Tulungagung,15,607500,GAS
1403,Blitar,Tulungagung,10,432500,PADAT
1404,Blitar,Tulungagung,30,1132500,CAIR
1405,Blitar,Lumajang,16,990000,GAS
1406,Blitar,Lumajang,25,1305000,PADAT
1407,Blitar,Lumajang,15,955000,CAIR
1408,Blitar,Jember,10,1025000,GAS
1409,Blitar,Jember,30,1725000,PADAT
1410,Blitar,Jember,16,1235000,CAIR
1411,Blitar,Banyuwangi,25,1777500,GAS
1412,Blitar,Banyuwangi,15,1427500,PADAT
1413,Blitar,Banyuwangi,10,1252500,CAIR
1414,Blitar,Bondowoso,30,1710000,GAS
1415,Blitar,Bondowoso,16,1220000,PADAT
1416,Blitar,Bondowoso,25,1535000,CAIR
1417,Blitar,Situbondo,15,1167500,GAS
1418,Blitar,Situbondo,10,992500,PADAT
1419,Blitar,Situbondo,30,1692500,CAIR
1420,Blitar,Probolinggo,16,990000,GAS
1421,Blitar,Probolinggo,25,1305000,PADAT
1422,Blitar,Probolinggo,15,955000,CAIR
1423,Blitar,Pasuruan,10,682500,GAS
1424,Blitar,Pasuruan,30,1382500,PADAT
1425,Blitar,Pasuruan,16,892500,CAIR
1426,Blitar,Sidoarjo,25,1235000,GAS
1427,Blitar,Sidoarjo,15,885000,PADAT
1428,Blitar,Sidoarjo,10,710000,CAIR
1429,Blitar,Mojokerto,30,1345000,GAS
1430,Blitar,Mojokerto,16,855000,PADAT
1431,Blitar,Mojokerto,25,1170000,CAIR
1432,Blitar,Jombang,15,740000,GAS
1433,Blitar,Jombang,10,565000,PADAT
1434,Blitar,Jombang,30,1265000,CAIR
1435,Blitar,Nganjuk,16,740000,GAS
1436,Blitar,Nganjuk,25,1055000,PADAT
1437,Blitar,Nganjuk,15,705000,CAIR
1438,Blitar,Madiun,10,655000,GAS
1439,Blitar,Madiun,30,1355000,PADAT
1440,Blitar,Madiun,16,865000,CAIR
1441,Blitar,Magetan,25,1240000,GAS
1442,Blitar,Magetan,15,890000,PADAT
1443,Blitar,Magetan,10,715000,CAIR
1444,Blitar,Ngawi,30,1385000,GAS
1445,Blitar,Ngawi,16,895000,PADAT
1446,Blitar,Ngawi,25,1210000,CAIR
1447,Blitar,Bojonegoro,15,957500,GAS
1448,Blitar,Bojonegoro,10,782500,PADAT
1449,Blitar,Bojonegoro,30,1482500,CAIR
1450,Blitar,Tuban,16,985000,GAS
1451,Blitar,Tuban,25,1300000,PADAT
1452,Blitar,Tuban,15,950000,CAIR
1453,Blitar,Lamongan,10,787500,GAS
1454,Blitar,Lamongan,30,1487500,PADAT
1455,Blitar,Lamongan,16,997500,CAIR
1456,Blitar,Gresik,25,1337500,GAS
1457,Blitar,Gresik,15,987500,PADAT
1458,Blitar,Gresik,10,812500,CAIR
1459,Blitar,Bangkalan,30,1537500,GAS
1460,Blitar,Bangkalan,16,1047500,PADAT
1461,Blitar,Bangkalan,25,1362500,CAIR
1462,Blitar,Sampang,15,1167500,GAS
1463,Blitar,Sampang,10,992500,PADAT
1464,Blitar,Sampang,30,1692500,CAIR
1465,Blitar,Pamekasan,16,1285000,GAS
1466,Blitar,Pamekasan,25,1600000,PADAT
1467,Blitar,Pamekasan,15,1250000,CAIR
1468,Blitar,Sumenep,10,1205000,GAS
1469,Blitar,Sumenep,30,1905000,PADAT
1470,Blitar,Sumenep,16,1415000,CAIR
1471,Blitar,Surabaya,25,1292500,GAS
1472,Blitar,Surabaya,15,942500,PADAT
1473,Blitar,Surabaya,10,767500,CAIR
1474,Blitar,Kediri,30,1160000,GAS
1475,Blitar,Kediri,16,670000,PADAT
1476,Blitar,Kediri,25,985000,CAIR
1477,Blitar,Malang,15,720000,GAS
1478,Blitar,Malang,10,545000,PADAT
1479,Blitar,Malang,30,1245000,CAIR
1480,Blitar,Pacitan,16,1235000,GAS
1481,Blitar,Pacitan,25,1550000,PADAT
1482,Blitar,Pacitan,15,1200000,CAIR
1483,Malang,Ponorogo,10,837500,GAS
1484,Malang,Ponorogo,30,1537500,PADAT
1485,Malang,Ponorogo,16,1047500,CAIR
1486,Malang,Trenggalek,30,1405000,GAS
1487,Malang,Trenggalek,16,915000,PADAT
1488,Malang,Trenggalek,25,1230000,CAIR
1489,Malang,Tulungagung,15,802500,GAS
1490,Malang,Tulungagung,10,627500,PADAT
1491,Malang,Tulungagung,30,1327500,CAIR
1492,Malang,Lumajang,16,852500,GAS
1493,Malang,Lumajang,25,1167500,PADAT
1494,Malang,Lumajang,15,817500,CAIR
1495,Malang,Jember,30,1530000,GAS
1496,Malang,Jember,16,1040000,PADAT
1497,Malang,Jember,25,1355000,CAIR
1498,Malang,Banyuwangi,15,1122500,GAS
1499,Malang,Banyuwangi,10,947500,PADAT
1500,Malang,Banyuwangi,30,1647500,CAIR
1501,Malang,Bondowoso,16,1025000,GAS
1502,Malang,Bondowoso,25,1340000,PADAT
1503,Malang,Bondowoso,15,990000,CAIR
1504,Malang,Situbondo,30,1467500,GAS
1505,Malang,Situbondo,16,977500,PADAT
1506,Malang,Situbondo,25,1292500,CAIR
1507,Malang,Probolinggo,15,760000,GAS
1508,Malang,Probolinggo,10,585000,PADAT
1509,Malang,Probolinggo,30,1285000,CAIR
1510,Malang,Pasuruan,16,697500,GAS
1511,Malang,Pasuruan,25,1012500,PADAT
1512,Malang,Pasuruan,15,662500,CAIR
1513,Malang,Sidoarjo,30,1215000,GAS
1514,Malang,Sidoarjo,16,725000,PADAT
1515,Malang,Sidoarjo,25,1040000,CAIR
1516,Malang,Mojokerto,15,747500,GAS
1517,Malang,Mojokerto,10,572500,PADAT
1518,Malang,Mojokerto,30,1272500,CAIR
1519,Malang,Jombang,16,857500,GAS
1520,Malang,Jombang,25,1172500,PADAT
1521,Malang,Jombang,15,822500,CAIR
1522,Malang,Nganjuk,30,1370000,GAS
1523,Malang,Nganjuk,16,880000,PADAT
1524,Malang,Nganjuk,25,1195000,CAIR
1525,Malang,Madiun,15,970000,GAS
1526,Malang,Madiun,10,795000,PADAT
1527,Malang,Madiun,30,1495000,CAIR
1528,Malang,Magetan,16,1065000,GAS
1529,Malang,Magetan,25,1380000,PADAT
1530,Malang,Magetan,15,1030000,CAIR
1531,Malang,Ngawi,30,1525000,GAS
1532,Malang,Ngawi,16,1035000,PADAT
1533,Malang,Ngawi,25,1350000,CAIR
1534,Malang,Bojonegoro,15,1017500,GAS
1535,Malang,Bojonegoro,10,842500,PADAT
1536,Malang,Bojonegoro,30,1542500,CAIR
1537,Malang,Tuban,16,1037500,GAS
1538,Malang,Tuban,25,1352500,PADAT
1539,Malang,Tuban,15,1002500,CAIR
1540,Malang,Lamongan,30,1385000,GAS
1541,Malang,Lamongan,16,895000,PADAT
1542,Malang,Lamongan,25,1210000,CAIR
1543,Malang,Gresik,15,792500,GAS
1544,Malang,Gresik,10,617500,PADAT
1545,Malang,Gresik,30,1317500,CAIR
1546,Malang,Bangkalan,16,852500,GAS
1547,Malang,Bangkalan,25,1167500,PADAT
1548,Malang,Bangkalan,15,817500,CAIR
1549,Malang,Sampang,30,1497500,GAS
1550,Malang,Sampang,16,1007500,PADAT
1551,Malang,Sampang,25,1322500,CAIR
1552,Malang,Pamekasan,15,1055000,GAS
1553,Malang,Pamekasan,10,880000,PADAT
1554,Malang,Pamekasan,30,1580000,CAIR
1555,Malang,Sumenep,16,1220000,GAS
1556,Malang,Sumenep,25,1535000,PADAT
1557,Malang,Sumenep,15,1185000,CAIR
1558,Malang,Surabaya,30,1265000,GAS
1559,Malang,Surabaya,16,775000,PADAT
1560,Malang,Surabaya,25,1090000,CAIR
1561,Malang,Kediri,15,775000,GAS
1562,Malang,Kediri,10,600000,PADAT
1563,Malang,Kediri,30,1300000,CAIR
1564,Malang,Blitar,16,755000,GAS
1565,Malang,Blitar,25,1070000,PADAT
1566,Malang,Blitar,15,720000,CAIR
1567,Ngawi,Pacitan,15,867500,GAS
1568,Ngawi,Pacitan,25,1217500,PADAT
1569,Ngawi,Pacitan,30,1392500,CAIR
1570,Ngawi,Ponorogo,15,675000,GAS
1571,Ngawi,Ponorogo,25,1025000,PADAT
1572,Ngawi,Ponorogo,30,1200000,CAIR
1573,Ngawi,Trenggalek,15,800000,GAS
1574,Ngawi,Trenggalek,25,1150000,PADAT
1575,Ngawi,Trenggalek,30,1325000,CAIR
1576,Ngawi,Tulungagung,15,872500,GAS
1577,Ngawi,Tulungagung,25,1222500,PADAT
1578,Ngawi,Tulungagung,30,1397500,CAIR
1579,Ngawi,Kediri,15,800000,GAS
1580,Ngawi,Kediri,25,1150000,PADAT
1581,Ngawi,Kediri,30,1325000,CAIR
1582,Ngawi,Lumajang,15,1292500,GAS
1583,Ngawi,Lumajang,25,1642500,PADAT
1584,Ngawi,Lumajang,30,1817500,CAIR
1585,Ngawi,Jember,15,1415000,GAS
1586,Ngawi,Jember,25,1765000,PADAT
1587,Ngawi,Jember,30,1940000,CAIR
1588,Ngawi,Banyuwangi,15,1685000,GAS
1589,Ngawi,Banyuwangi,25,2035000,PADAT
1590,Ngawi,Banyuwangi,30,2210000,CAIR
1591,Ngawi,Bondowoso,15,1440000,GAS
1592,Ngawi,Bondowoso,25,1790000,PADAT
1593,Ngawi,Bondowoso,30,1965000,CAIR
1594,Ngawi,Situbondo,15,1452500,GAS
1595,Ngawi,Situbondo,25,1802500,PADAT
1596,Ngawi,Situbondo,30,1977500,CAIR
1597,Ngawi,Probolinggo,15,1195000,GAS
1598,Ngawi,Probolinggo,25,1545000,PADAT
1599,Ngawi,Probolinggo,30,1720000,CAIR
1600,Ngawi,Pasuruan,15,1095000,GAS
1601,Ngawi,Pasuruan,25,1445000,PADAT
1602,Ngawi,Pasuruan,30,1620000,CAIR
1603,Ngawi,Sidoarjo,15,990000,GAS
1604,Ngawi,Sidoarjo,25,1340000,PADAT
1605,Ngawi,Sidoarjo,30,1515000,CAIR
1606,Ngawi,Mojokerto,15,877500,GAS
1607,Ngawi,Mojokerto,25,1227500,PADAT
1608,Ngawi,Mojokerto,30,1402500,CAIR
1609,Ngawi,Jombang,15,810000,GAS
1610,Ngawi,Jombang,25,1160000,PADAT
1611,Ngawi,Jombang,30,1335000,CAIR
1612,Ngawi,Nganjuk,15,722500,GAS
1613,Ngawi,Nganjuk,25,1072500,PADAT
1614,Ngawi,Nganjuk,30,1247500,CAIR
1615,Ngawi,Madiun,15,627500,GAS
1616,Ngawi,Madiun,25,977500,PADAT
1617,Ngawi,Madiun,30,1152500,CAIR
1618,Ngawi,Magetan,15,615000,GAS
1619,Ngawi,Magetan,25,965000,PADAT
1620,Ngawi,Magetan,30,1140000,CAIR
1621,Ngawi,Bojonegoro,15,707500,GAS
1622,Ngawi,Bojonegoro,25,1057500,PADAT
1623,Ngawi,Bojonegoro,30,1232500,CAIR
1624,Ngawi,Tuban,15,812500,GAS
1625,Ngawi,Tuban,25,1162500,PADAT
1626,Ngawi,Tuban,30,1337500,CAIR
1627,Ngawi,Lamongan,15,975000,GAS
1628,Ngawi,Lamongan,25,1325000,PADAT
1629,Ngawi,Lamongan,30,1500000,CAIR
1630,Ngawi,Gresik,15,1027500,GAS
1631,Ngawi,Gresik,25,1377500,PADAT
1632,Ngawi,Gresik,30,1552500,CAIR
1633,Ngawi,Bangkalan,15,1065000,GAS
1634,Ngawi,Bangkalan,25,1415000,PADAT
1635,Ngawi,Bangkalan,30,1590000,CAIR
1636,Ngawi,Sampang,15,1190000,GAS
1637,Ngawi,Sampang,25,1540000,PADAT
1638,Ngawi,Sampang,30,1715000,CAIR
1639,Ngawi,Pamekasan,15,1267500,GAS
1640,Ngawi,Pamekasan,25,1617500,PADAT
1641,Ngawi,Pamekasan,30,1792500,CAIR
1642,Ngawi,Sumenep,15,1400000,GAS
1643,Ngawi,Sumenep,25,1750000,PADAT
1644,Ngawi,Sumenep,30,1925000,CAIR
1645,Bojonegoro,Pacitan,15,1045000,GAS
1646,Bojonegoro,Pacitan,25,1395000,PADAT
1647,Bojonegoro,Pacitan,30,1570000,CAIR
1648,Bojonegoro,Ponorogo,15,892500,GAS
1649,Bojonegoro,Ponorogo,25,1242500,PADAT
1650,Bojonegoro,Ponorogo,30,1417500,CAIR
1651,Bojonegoro,Trenggalek,15,910000,GAS
1652,Bojonegoro,Trenggalek,25,1260000,PADAT
1653,Bojonegoro,Trenggalek,30,1435000,CAIR
1654,Bojonegoro,Tulungagung,15,840000,GAS
1655,Bojonegoro,Tulungagung,25,1190000,PADAT
1656,Bojonegoro,Tulungagung,30,1365000,CAIR
1657,Bojonegoro,Kediri,15,765000,GAS
1658,Bojonegoro,Kediri,25,1115000,PADAT
1659,Bojonegoro,Kediri,30,1290000,CAIR
1660,Bojonegoro,Lumajang,15,1265000,GAS
1661,Bojonegoro,Lumajang,25,1615000,PADAT
1662,Bojonegoro,Lumajang,30,1790000,CAIR
1663,Bojonegoro,Jember,15,1387500,GAS
1664,Bojonegoro,Jember,25,1737500,PADAT
1665,Bojonegoro,Jember,30,1912500,CAIR
1666,Bojonegoro,Banyuwangi,15,1552500,GAS
1667,Bojonegoro,Banyuwangi,25,1902500,PADAT
1668,Bojonegoro,Banyuwangi,30,2077500,CAIR
1669,Bojonegoro,Bondowoso,15,1415000,GAS
1670,Bojonegoro,Bondowoso,25,1765000,PADAT
1671,Bojonegoro,Bondowoso,30,1940000,CAIR
1672,Bojonegoro,Situbondo,15,1425000,GAS
1673,Bojonegoro,Situbondo,25,1775000,PADAT
1674,Bojonegoro,Situbondo,30,1950000,CAIR
1675,Bojonegoro,Probolinggo,15,1167500,GAS
1676,Bojonegoro,Probolinggo,25,1517500,PADAT
1677,Bojonegoro,Probolinggo,30,1692500,CAIR
1678,Bojonegoro,Pasuruan,15,1070000,GAS
1679,Bojonegoro,Pasuruan,25,1420000,PADAT
1680,Bojonegoro,Pasuruan,30,1595000,CAIR
1681,Bojonegoro,Sidoarjo,15,962500,GAS
1682,Bojonegoro,Sidoarjo,25,1312500,PADAT
1683,Bojonegoro,Sidoarjo,30,1487500,CAIR
1684,Bojonegoro,Mojokerto,15,850000,GAS
1685,Bojonegoro,Mojokerto,25,1200000,PADAT
1686,Bojonegoro,Mojokerto,30,1375000,CAIR
1687,Bojonegoro,Jombang,15,785000,GAS
1688,Bojonegoro,Jombang,25,1135000,PADAT
1689,Bojonegoro,Jombang,30,1310000,CAIR
1690,Bojonegoro,Nganjuk,15,687500,GAS
1691,Bojonegoro,Nganjuk,25,1037500,PADAT
1692,Bojonegoro,Nganjuk,30,1212500,CAIR
1693,Bojonegoro,Madiun,15,777500,GAS
1694,Bojonegoro,Madiun,25,1127500,PADAT
1695,Bojonegoro,Madiun,30,1302500,CAIR
1696,Bojonegoro,Magetan,15,795000,GAS
1697,Bojonegoro,Magetan,25,1145000,PADAT
1698,Bojonegoro,Magetan,30,1320000,CAIR
1699,Bojonegoro,Ngawi,15,707500,GAS
1700,Bojonegoro,Ngawi,25,1057500,PADAT
1701,Bojonegoro,Ngawi,30,1232500,CAIR
1702,Bojonegoro,Tuban,15,640000,GAS
1703,Bojonegoro,Tuban,25,990000,PADAT
1704,Bojonegoro,Tuban,30,1165000,CAIR
1705,Bojonegoro,Lamongan,15,690000,GAS
1706,Bojonegoro,Lamongan,25,1040000,PADAT
1707,Bojonegoro,Lamongan,30,1215000,CAIR
1708,Bojonegoro,Gresik,15,762500,GAS
1709,Bojonegoro,Gresik,25,1112500,PADAT
1710,Bojonegoro,Gresik,30,1287500,CAIR
1711,Bojonegoro,Bangkalan,15,875000,GAS
1712,Bojonegoro,Bangkalan,25,1225000,PADAT
1713,Bojonegoro,Bangkalan,30,1400000,CAIR
1714,Bojonegoro,Sampang,15,1000000,GAS
1715,Bojonegoro,Sampang,25,1350000,PADAT
1716,Bojonegoro,Sampang,30,1525000,CAIR
1717,Bojonegoro,Pamekasan,15,1077500,GAS
1718,Bojonegoro,Pamekasan,25,1427500,PADAT
1719,Bojonegoro,Pamekasan,30,1602500,CAIR
1720,Bojonegoro,Sumenep,15,1210000,GAS
1721,Bojonegoro,Sumenep,25,1560000,PADAT
1722,Bojonegoro,Sumenep,30,1735000,CAIR
1723,Tuban,Pacitan,15,1222500,GAS
1724,Tuban,Pacitan,25,1572500,PADAT
1725,Tuban,Pacitan,30,1747500,CAIR
1726,Tuban,Ponorogo,15,1032500,GAS
1727,Tuban,Ponorogo,25,1382500,PADAT
1728,Tuban,Ponorogo,30,1557500,CAIR
1729,Tuban,Trenggalek,15,992500,GAS
1730,Tuban,Trenggalek,25,1342500,PADAT
1731,Tuban,Trenggalek,30,1517500,CAIR
1732,Tuban,Tulungagung,15,920000,GAS
1733,Tuban,Tulungagung,25,1270000,PADAT
1734,Tuban,Tulungagung,30,1445000,CAIR
1735,Tuban,Kediri,15,845000,GAS
1736,Tuban,Kediri,25,1195000,PADAT
1737,Tuban,Kediri,30,1370000,CAIR
1738,Tuban,Lumajang,15,1132500,GAS
1739,Tuban,Lumajang,25,1482500,PADAT
1740,Tuban,Lumajang,30,1657500,CAIR
1741,Tuban,Jember,15,1255000,GAS
1742,Tuban,Jember,25,1605000,PADAT
1743,Tuban,Jember,30,1780000,CAIR
1744,Tuban,Banyuwangi,15,1525000,GAS
1745,Tuban,Banyuwangi,25,1875000,PADAT
1746,Tuban,Banyuwangi,30,2050000,CAIR
1747,Tuban,Bondowoso,15,1280000,GAS
1748,Tuban,Bondowoso,25,1630000,PADAT
1749,Tuban,Bondowoso,30,1805000,CAIR
1750,Tuban,Situbondo,15,1292500,GAS
1751,Tuban,Situbondo,25,1642500,PADAT
1752,Tuban,Situbondo,30,1817500,CAIR
1753,Tuban,Probolinggo,15,1032500,GAS
1754,Tuban,Probolinggo,25,1382500,PADAT
1755,Tuban,Probolinggo,30,1557500,CAIR
1756,Tuban,Pasuruan,15,935000,GAS
1757,Tuban,Pasuruan,25,1285000,PADAT
1758,Tuban,Pasuruan,30,1460000,CAIR
1759,Tuban,Sidoarjo,15,830000,GAS
1760,Tuban,Sidoarjo,25,1180000,PADAT
1761,Tuban,Sidoarjo,30,1355000,CAIR
1762,Tuban,Mojokerto,15,760000,GAS
1763,Tuban,Mojokerto,25,1110000,PADAT
1764,Tuban,Mojokerto,30,1285000,CAIR
1765,Tuban,Jombang,15,737500,GAS
1766,Tuban,Jombang,25,1087500,PADAT
1767,Tuban,Jombang,30,1262500,CAIR
1768,Tuban,Nganjuk,15,835000,GAS
1769,Tuban,Nganjuk,25,1185000,PADAT
1770,Tuban,Nganjuk,30,1360000,CAIR
1771,Tuban,Madiun,15,957500,GAS
1772,Tuban,Madiun,25,1307500,PADAT
1773,Tuban,Madiun,30,1482500,CAIR
1774,Tuban,Magetan,15,907500,GAS
1775,Tuban,Magetan,25,1257500,PADAT
1776,Tuban,Magetan,30,1432500,CAIR
1777,Tuban,Ngawi,15,820000,GAS
1778,Tuban,Ngawi,25,1170000,PADAT
1779,Tuban,Ngawi,30,1345000,CAIR
1780,Tuban,Bojonegoro,15,642500,GAS
1781,Tuban,Bojonegoro,25,992500,PADAT
1782,Tuban,Bojonegoro,30,1167500,CAIR
1783,Tuban,Lamongan,15,665000,GAS
1784,Tuban,Lamongan,25,1015000,PADAT
1785,Tuban,Lamongan,30,1190000,CAIR
1786,Tuban,Gresik,15,735000,GAS
1787,Tuban,Gresik,25,1085000,PADAT
1788,Tuban,Gresik,30,1260000,CAIR
1789,Tuban,Bangkalan,15,850000,GAS
1790,Tuban,Bangkalan,25,1200000,PADAT
1791,Tuban,Bangkalan,30,1375000,CAIR
1792,Tuban,Sampang,15,975000,GAS
1793,Tuban,Sampang,25,1325000,PADAT
1794,Tuban,Sampang,30,1500000,CAIR
1795,Tuban,Pamekasan,15,1050000,GAS
1796,Tuban,Pamekasan,25,1400000,PADAT
1797,Tuban,Pamekasan,30,1575000,CAIR
1798,Tuban,Sumenep,15,1182500,GAS
1799,Tuban,Sumenep,25,1532500,PADAT
1800,Tuban,Sumenep,30,1707500,CAIR
1801,Lamongan,Pacitan,15,1190000,GAS
1802,Lamongan,Pacitan,25,1540000,PADAT
1803,Lamongan,Pacitan,30,1715000,CAIR
1804,Lamongan,Ponorogo,15,1000000,GAS
1805,Lamongan,Ponorogo,25,1350000,PADAT
1806,Lamongan,Ponorogo,30,1525000,CAIR
1807,Lamongan,Trenggalek,15,960000,GAS
1808,Lamongan,Trenggalek,25,1310000,PADAT
1809,Lamongan,Trenggalek,30,1485000,CAIR
1810,Lamongan,Tulungagung,15,887500,GAS
1811,Lamongan,Tulungagung,25,1237500,PADAT
1812,Lamongan,Tulungagung,30,1412500,CAIR
1813,Lamongan,Kediri,15,812500,GAS
1814,Lamongan,Kediri,25,1162500,PADAT
1815,Lamongan,Kediri,30,1337500,CAIR
1816,Lamongan,Lumajang,15,995000,GAS
1817,Lamongan,Lumajang,25,1345000,PADAT
1818,Lamongan,Lumajang,30,1520000,CAIR
1819,Lamongan,Jember,15,1120000,GAS
1820,Lamongan,Jember,25,1470000,PADAT
1821,Lamongan,Jember,30,1645000,CAIR
1822,Lamongan,Banyuwangi,15,1390000,GAS
1823,Lamongan,Banyuwangi,25,1740000,PADAT
1824,Lamongan,Banyuwangi,30,1915000,CAIR
1825,Lamongan,Bondowoso,15,1145000,GAS
1826,Lamongan,Bondowoso,25,1495000,PADAT
1827,Lamongan,Bondowoso,30,1670000,CAIR
1828,Lamongan,Situbondo,15,1155000,GAS
1829,Lamongan,Situbondo,25,1505000,PADAT
1830,Lamongan,Situbondo,30,1680000,CAIR
1831,Lamongan,Probolinggo,15,897500,GAS
1832,Lamongan,Probolinggo,25,1247500,PADAT
1833,Lamongan,Probolinggo,30,1422500,CAIR
1834,Lamongan,Pasuruan,15,800000,GAS
1835,Lamongan,Pasuruan,25,1150000,PADAT
1836,Lamongan,Pasuruan,30,1325000,CAIR
1837,Lamongan,Sidoarjo,15,692500,GAS
1838,Lamongan,Sidoarjo,25,1042500,PADAT
1839,Lamongan,Sidoarjo,30,1217500,CAIR
1840,Lamongan,Mojokerto,15,650000,GAS
1841,Lamongan,Mojokerto,25,1000000,PADAT
1842,Lamongan,Mojokerto,30,1175000,CAIR
1843,Lamongan,Jombang,15,712500,GAS
1844,Lamongan,Jombang,25,1062500,PADAT
1845,Lamongan,Jombang,30,1237500,CAIR
1846,Lamongan,Nganjuk,15,802500,GAS
1847,Lamongan,Nganjuk,25,1152500,PADAT
1848,Lamongan,Nganjuk,30,1327500,CAIR
1849,Lamongan,Madiun,15,925000,GAS
1850,Lamongan,Madiun,25,1275000,PADAT
1851,Lamongan,Madiun,30,1450000,CAIR
1852,Lamongan,Magetan,15,985000,GAS
1853,Lamongan,Magetan,25,1335000,PADAT
1854,Lamongan,Magetan,30,1510000,CAIR
1855,Lamongan,Ngawi,15,975000,GAS
1856,Lamongan,Ngawi,25,1325000,PADAT
1857,Lamongan,Ngawi,30,1500000,CAIR
1858,Lamongan,Bojonegoro,15,695000,GAS
1859,Lamongan,Bojonegoro,25,1045000,PADAT
1860,Lamongan,Bojonegoro,30,1220000,CAIR
1861,Lamongan,Tuban,15,662500,GAS
1862,Lamongan,Tuban,25,1012500,PADAT
1863,Lamongan,Tuban,30,1187500,CAIR
1864,Lamongan,Gresik,15,600000,GAS
1865,Lamongan,Gresik,25,950000,PADAT
1866,Lamongan,Gresik,30,1125000,CAIR
1867,Lamongan,Bangkalan,15,715000,GAS
1868,Lamongan,Bangkalan,25,1065000,PADAT
1869,Lamongan,Bangkalan,30,1240000,CAIR
1870,Lamongan,Sampang,15,837500,GAS
1871,Lamongan,Sampang,25,1187500,PADAT
1872,Lamongan,Sampang,30,1362500,CAIR
1873,Lamongan,Pamekasan,15,915000,GAS
1874,Lamongan,Pamekasan,25,1265000,PADAT
1875,Lamongan,Pamekasan,30,1440000,CAIR
1876,Lamongan,Sumenep,15,1047500,GAS
1877,Lamongan,Sumenep,25,1397500,PADAT
1878,Lamongan,Sumenep,30,1572500,CAIR
1879,Gresik,Pacitan,15,1220000,GAS
1880,Gresik,Pacitan,25,1570000,PADAT
1881,Gresik,Pacitan,30,1745000,CAIR
1882,Gresik,Ponorogo,15,1027500,GAS
1883,Gresik,Ponorogo,25,1377500,PADAT
1884,Gresik,Ponorogo,30,1552500,CAIR
1885,Gresik,Trenggalek,15,990000,GAS
1886,Gresik,Trenggalek,25,1340000,PADAT
1887,Gresik,Trenggalek,30,1515000,CAIR
1888,Gresik,Tulungagung,15,917500,GAS
1889,Gresik,Tulungagung,25,1267500,PADAT
1890,Gresik,Tulungagung,30,1442500,CAIR
1891,Gresik,Kediri,15,842500,GAS
1892,Gresik,Kediri,25,1192500,PADAT
1893,Gresik,Kediri,30,1367500,CAIR
1894,Gresik,Lumajang,15,937500,GAS
1895,Gresik,Lumajang,25,1287500,PADAT
1896,Gresik,Lumajang,30,1462500,CAIR
1897,Gresik,Jember,15,1062500,GAS
1898,Gresik,Jember,25,1412500,PADAT
1899,Gresik,Jember,30,1587500,CAIR
1900,Gresik,Banyuwangi,15,1332500,GAS
1901,Gresik,Banyuwangi,25,1682500,PADAT
1902,Gresik,Banyuwangi,30,1857500,CAIR
1903,Gresik,Bondowoso,15,1087500,GAS
1904,Gresik,Bondowoso,25,1437500,PADAT
1905,Gresik,Bondowoso,30,1612500,CAIR
1906,Gresik,Situbondo,15,1097500,GAS
1907,Gresik,Situbondo,25,1447500,PADAT
1908,Gresik,Situbondo,30,1622500,CAIR
1909,Gresik,Probolinggo,15,840000,GAS
1910,Gresik,Probolinggo,25,1190000,PADAT
1911,Gresik,Probolinggo,30,1365000,CAIR
1912,Gresik,Pasuruan,15,742500,GAS
1913,Gresik,Pasuruan,25,1092500,PADAT
1914,Gresik,Pasuruan,30,1267500,CAIR
1915,Gresik,Sidoarjo,15,635000,GAS
1916,Gresik,Sidoarjo,25,985000,PADAT
1917,Gresik,Sidoarjo,30,1160000,CAIR
1918,Gresik,Mojokerto,15,662500,GAS
1919,Gresik,Mojokerto,25,1012500,PADAT
1920,Gresik,Mojokerto,30,1187500,CAIR
1921,Gresik,Jombang,15,745000,GAS
1922,Gresik,Jombang,25,1095000,PADAT
1923,Gresik,Jombang,30,1270000,CAIR
1924,Gresik,Nganjuk,15,830000,GAS
1925,Gresik,Nganjuk,25,1180000,PADAT
1926,Gresik,Nganjuk,30,1355000,CAIR
1927,Gresik,Madiun,15,955000,GAS
1928,Gresik,Madiun,25,1305000,PADAT
1929,Gresik,Madiun,30,1480000,CAIR
1930,Gresik,Magetan,15,1015000,GAS
1931,Gresik,Magetan,25,1365000,PADAT
1932,Gresik,Magetan,30,1540000,CAIR
1933,Gresik,Ngawi,15,1005000,GAS
1934,Gresik,Ngawi,25,1355000,PADAT
1935,Gresik,Ngawi,30,1530000,CAIR
1936,Gresik,Bojonegoro,15,762500,GAS
1937,Gresik,Bojonegoro,25,1112500,PADAT
1938,Gresik,Bojonegoro,30,1287500,CAIR
1939,Gresik,Tuban,15,735000,GAS
1940,Gresik,Tuban,25,1085000,PADAT
1941,Gresik,Tuban,30,1260000,CAIR
1942,Gresik,Lamongan,15,612500,GAS
1943,Gresik,Lamongan,25,962500,PADAT
1944,Gresik,Lamongan,30,1137500,CAIR
1945,Gresik,Bangkalan,15,657500,GAS
1946,Gresik,Bangkalan,25,1007500,PADAT
1947,Gresik,Bangkalan,30,1182500,CAIR
1948,Gresik,Sampang,15,780000,GAS
1949,Gresik,Sampang,25,1130000,PADAT
1950,Gresik,Sampang,30,1305000,CAIR
1951,Gresik,Pamekasan,15,857500,GAS
1952,Gresik,Pamekasan,25,1207500,PADAT
1953,Gresik,Pamekasan,30,1382500,CAIR
1954,Gresik,Sumenep,15,992500,GAS
1955,Gresik,Sumenep,25,1342500,PADAT
1956,Gresik,Sumenep,30,1517500,CAIR